{"config_name": "neat_grid_0days",
 "logging_level": 0,
 "long": {"auto_unstuck_ema_dist": 0.039897887752351535,
          "auto_unstuck_wallet_exposure_threshold": 0.27638827271401034,
          "backwards_tp": true,
          "ema_span_0": 1249.001557067552,
          "ema_span_1": 1122.2538206130885,
          "enabled": true,
          "eprice_exp_base": 1.060431294301754,
          "eqty_exp_base": 1.5698956727755664,
          "grid_span": 0.3528707086603847,
          "initial_eprice_ema_dist": -0.06748803078583629,
          "initial_qty_pct": 0.01,
          "markup_range": 0.003,
          "max_n_entry_orders": 8,
          "min_markup": 0.002,
          "n_close_orders": 7,
          "wallet_exposure_limit": 0.1},
 "short": {"auto_unstuck_ema_dist": 0.09412506008614291,
           "auto_unstuck_wallet_exposure_threshold": 0.022584921000377314,
           "backwards_tp": false,
           "ema_span_0": 10,
           "ema_span_1": 2114.9330564683055,
           "enabled": true,
           "eprice_exp_base": 1.0686039425846612,
           "eqty_exp_base": 1.958846083467476,
           "grid_span": 0.4776735709921812,
           "initial_eprice_ema_dist": -0.04917260473070437,
           "initial_qty_pct": 0.01,
           "markup_range": 0.00239868705187322,
           "max_n_entry_orders": 14,
           "min_markup": 0.002,
           "n_close_orders": 5,
           "wallet_exposure_limit": 0.1}}