{"config_name": "neat_grid_SOLUSDT_759days",
 "logging_level": 0,
 "long": {"auto_unstuck_ema_dist": 0.016960640363892516,
          "auto_unstuck_wallet_exposure_threshold": 0.19986204578572656,
          "backwards_tp": true,
          "ema_span_0": 1248.113038674645,
          "ema_span_1": 1107.542303665035,
          "enabled": true,
          "eprice_exp_base": 0.7,
          "eqty_exp_base": 1.5596006230552886,
          "grid_span": 0.11918838317282067,
          "initial_eprice_ema_dist": -0.0020107478920953397,
          "initial_qty_pct": 0.01,
          "markup_range": 0.0017372813973328908,
          "max_n_entry_orders": 5,
          "min_markup": 0.002,
          "n_close_orders": 2,
          "wallet_exposure_limit": 0.5},
 "short": {"auto_unstuck_ema_dist": 0.01241772419171775,
           "auto_unstuck_wallet_exposure_threshold": 0.1846035224465807,
           "backwards_tp": true,
           "ema_span_0": 3556.2984981936524,
           "ema_span_1": 1871.7462563199338,
           "enabled": true,
           "eprice_exp_base": 0.7,
           "eqty_exp_base": 1,
           "grid_span": 0.4484792128605238,
           "initial_eprice_ema_dist": -0.002731403430045779,
           "initial_qty_pct": 0.01,
           "markup_range": 0.004942392514523143,
           "max_n_entry_orders": 7,
           "min_markup": 0.002,
           "n_close_orders": 3,
           "wallet_exposure_limit": 0.5}}