{"config_name": "neat_grid_TRXUSDT_568days",
 "logging_level": 0,
 "long": {"auto_unstuck_ema_dist": 0.08697918756767634,
          "auto_unstuck_wallet_exposure_threshold": 0.025283138670169743,
          "backwards_tp": true,
          "ema_span_0": 10,
          "ema_span_1": 10.983485667616305,
          "enabled": true,
          "eprice_exp_base": 1.462060401146888,
          "eqty_exp_base": 2.5188583339505324,
          "grid_span": 0.23860453563227987,
          "initial_eprice_ema_dist": -0.09625360182629802,
          "initial_qty_pct": 0.01,
          "markup_range": 0.002936049941594028,
          "max_n_entry_orders": 9,
          "min_markup": 0.002,
          "n_close_orders": 2,
          "wallet_exposure_limit": 0.5},
 "short": {"auto_unstuck_ema_dist": 0.028610838951538195,
           "auto_unstuck_wallet_exposure_threshold": 0.057566741869055985,
           "backwards_tp": true,
           "ema_span_0": 978.098278832375,
           "ema_span_1": 924.8570755048919,
           "enabled": true,
           "eprice_exp_base": 1.227199014133643,
           "eqty_exp_base": 1.986779787538656,
           "grid_span": 0.33228096703868476,
           "initial_eprice_ema_dist": -0.0038862133479226763,
           "initial_qty_pct": 0.01,
           "markup_range": 0.0029840827919693862,
           "max_n_entry_orders": 8,
           "min_markup": 0.002,
           "n_close_orders": 2,
           "wallet_exposure_limit": 0.5}}