{"config_name": "neat_grid_XRPUSDT_929days",
 "logging_level": 0,
 "long": {"auto_unstuck_ema_dist": 0.024677680698704546,
          "auto_unstuck_wallet_exposure_threshold": 0.20948410268859308,
          "backwards_tp": true,
          "ema_span_0": 463.84297664760805,
          "ema_span_1": 206.69868380390733,
          "enabled": true,
          "eprice_exp_base": 1.1788473934365593,
          "eqty_exp_base": 1.7355261908575248,
          "grid_span": 0.34757758584752774,
          "initial_eprice_ema_dist": -0.1,
          "initial_qty_pct": 0.01,
          "markup_range": 0.003,
          "max_n_entry_orders": 12,
          "min_markup": 0.002,
          "n_close_orders": 1,
          "wallet_exposure_limit": 0.5},
 "short": {"auto_unstuck_ema_dist": 0.08480823844340261,
           "auto_unstuck_wallet_exposure_threshold": 0.08319614896794066,
           "backwards_tp": true,
           "ema_span_0": 393.5700232573623,
           "ema_span_1": 245.74213256564207,
           "enabled": true,
           "eprice_exp_base": 1.066426431636971,
           "eqty_exp_base": 1.3384886889351395,
           "grid_span": 0.25426767316605486,
           "initial_eprice_ema_dist": -0.06905323724948005,
           "initial_qty_pct": 0.01,
           "markup_range": 0.003,
           "max_n_entry_orders": 8,
           "min_markup": 0.002,
           "n_close_orders": 1,
           "wallet_exposure_limit": 0.5}}