{"config_name": "neat_grid_SOLUSDT_759days",
 "logging_level": 0,
 "long": {"auto_unstuck_ema_dist": 0.04884432467785825,
          "auto_unstuck_wallet_exposure_threshold": 0.23815512763051927,
          "backwards_tp": true,
          "ema_span_0": 39.86502968241371,
          "ema_span_1": 136.22281035956235,
          "enabled": true,
          "eprice_exp_base": 1.0159467985295014,
          "eqty_exp_base": 2.502262375990342,
          "grid_span": 0.10486806988976471,
          "initial_eprice_ema_dist": -0.09009801782651775,
          "initial_qty_pct": 0.01,
          "markup_range": 0.0018684807974953988,
          "max_n_entry_orders": 5,
          "min_markup": 0.0027401613477172388,
          "n_close_orders": 16,
          "wallet_exposure_limit": 0.5},
 "short": {"auto_unstuck_ema_dist": 0.09144289556310299,
           "auto_unstuck_wallet_exposure_threshold": 0.17988077134268557,
           "backwards_tp": true,
           "ema_span_0": 232.72812152745558,
           "ema_span_1": 2491.810430813712,
           "enabled": true,
           "eprice_exp_base": 1.0659258512804148,
           "eqty_exp_base": 1.6104241764081608,
           "grid_span": 0.1794736163284414,
           "initial_eprice_ema_dist": -0.05223037908394468,
           "initial_qty_pct": 0.01,
           "markup_range": 0.0018477221852377902,
           "max_n_entry_orders": 11,
           "min_markup": 0.002934614178588605,
           "n_close_orders": 5,
           "wallet_exposure_limit": 0.5}}