{"config_name": "neat_grid_UNIUSDT_755days",
 "logging_level": 0,
 "long": {"auto_unstuck_ema_dist": 0.04903823415998376,
          "auto_unstuck_wallet_exposure_threshold": 0.09717619077797328,
          "backwards_tp": true,
          "ema_span_0": 1895.1784163133013,
          "ema_span_1": 1950.717096552939,
          "enabled": true,
          "eprice_exp_base": 1.8786002434245384,
          "eqty_exp_base": 2.1695904712779366,
          "grid_span": 0.2811713923869952,
          "initial_eprice_ema_dist": -0.0071655094949039325,
          "initial_qty_pct": 0.01,
          "markup_range": 0.0027361531538525226,
          "max_n_entry_orders": 7,
          "min_markup": 0.002,
          "n_close_orders": 2,
          "wallet_exposure_limit": 0.5},
 "short": {"auto_unstuck_ema_dist": 0.0933725704213648,
           "auto_unstuck_wallet_exposure_threshold": 0.03838155649995216,
           "backwards_tp": true,
           "ema_span_0": 294.6158594511067,
           "ema_span_1": 86.02254183235341,
           "enabled": true,
           "eprice_exp_base": 1.1130165947123392,
           "eqty_exp_base": 2.4520783625701057,
           "grid_span": 0.48867843072388834,
           "initial_eprice_ema_dist": -0.04985229893807679,
           "initial_qty_pct": 0.01,
           "markup_range": 0.0029744587174643116,
           "max_n_entry_orders": 7,
           "min_markup": 0.002,
           "n_close_orders": 2,
           "wallet_exposure_limit": 0.5}}