{"config_name": "neat_grid_UNIUSDT_673days",
 "logging_level": 0,
 "long": {"auto_unstuck_ema_dist": 0.1,
          "auto_unstuck_wallet_exposure_threshold": 0.07927738211053025,
          "backwards_tp": true,
          "ema_span_0": 505.14315238466116,
          "ema_span_1": 599.8609716141293,
          "enabled": true,
          "eprice_exp_base": 1.2198025907046979,
          "eqty_exp_base": 1.2406864951970265,
          "grid_span": 0.34324306909636226,
          "initial_eprice_ema_dist": -0.08537186134495744,
          "initial_qty_pct": 0.01,
          "markup_range": 0.003,
          "max_n_entry_orders": 7,
          "min_markup": 0.002,
          "n_close_orders": 1,
          "wallet_exposure_limit": 0.5},
 "short": {"auto_unstuck_ema_dist": 0.0717001783204562,
           "auto_unstuck_wallet_exposure_threshold": 0.08633033792761782,
           "backwards_tp": true,
           "ema_span_0": 433.69819555730953,
           "ema_span_1": 699.263707495628,
           "enabled": true,
           "eprice_exp_base": 1.1301446486846314,
           "eqty_exp_base": 2.3238393295864723,
           "grid_span": 0.2674745764527102,
           "initial_eprice_ema_dist": -0.04088410163450706,
           "initial_qty_pct": 0.01,
           "markup_range": 0.003,
           "max_n_entry_orders": 17,
           "min_markup": 0.002,
           "n_close_orders": 1,
           "wallet_exposure_limit": 0.5}}