{"config_name": "neat_grid_MATICUSDT_721days",
 "logging_level": 0,
 "long": {"auto_unstuck_ema_dist": 0.01711937842358281,
          "auto_unstuck_wallet_exposure_threshold": 0.03518082076731193,
          "backwards_tp": true,
          "ema_span_0": 1603.0437664838155,
          "ema_span_1": 662.329775515484,
          "enabled": true,
          "eprice_exp_base": 0.9190099784943759,
          "eqty_exp_base": 1.9659798495127734,
          "grid_span": 0.13856485337355878,
          "initial_eprice_ema_dist": -0.006785667192008923,
          "initial_qty_pct": 0.01,
          "markup_range": 0.0033223903471581526,
          "max_n_entry_orders": 14,
          "min_markup": 0.002,
          "n_close_orders": 3,
          "wallet_exposure_limit": 0.5},
 "short": {"auto_unstuck_ema_dist": 0.0373563269105061,
           "auto_unstuck_wallet_exposure_threshold": 0.023769029562077857,
           "backwards_tp": true,
           "ema_span_0": 1478.0996923807324,
           "ema_span_1": 2290.540549442066,
           "enabled": true,
           "eprice_exp_base": 0.9125252939962041,
           "eqty_exp_base": 2.9657166088785956,
           "grid_span": 0.22148306342338722,
           "initial_eprice_ema_dist": -0.014922612137189296,
           "initial_qty_pct": 0.01,
           "markup_range": 0.003966923343927612,
           "max_n_entry_orders": 15,
           "min_markup": 0.002,
           "n_close_orders": 2,
           "wallet_exposure_limit": 0.5}}