{"config_name": "neat_grid_ADAUSDT_986days",
 "logging_level": 0,
 "long": {"auto_unstuck_ema_dist": 0.006512528316731108,
          "auto_unstuck_wallet_exposure_threshold": 0.011636948563640358,
          "backwards_tp": true,
          "ema_span_0": 299.39845853224824,
          "ema_span_1": 793.5221005041823,
          "enabled": true,
          "eprice_exp_base": 0.9394757511493611,
          "eqty_exp_base": 4.024662443625076,
          "grid_span": 0.14281681299656937,
          "initial_eprice_ema_dist": -0.015276681928582619,
          "initial_qty_pct": 0.015324493076205203,
          "markup_range": 0.004906117313744943,
          "max_n_entry_orders": 8,
          "min_markup": 0.002,
          "n_close_orders": 3,
          "wallet_exposure_limit": 0.6969836164917823},
 "short": {"auto_unstuck_ema_dist": 0.03168670295828122,
           "auto_unstuck_wallet_exposure_threshold": 0,
           "backwards_tp": true,
           "ema_span_0": 1161.9277837788145,
           "ema_span_1": 7960.213333117913,
           "enabled": true,
           "eprice_exp_base": 0.9143044144004212,
           "eqty_exp_base": 1.7394805550306176,
           "grid_span": 0.38076363578221956,
           "initial_eprice_ema_dist": -0.04921157785484904,
           "initial_qty_pct": 0.01,
           "markup_range": 0.004596586525563177,
           "max_n_entry_orders": 6,
           "min_markup": 0.002,
           "n_close_orders": 2,
           "wallet_exposure_limit": 0.30301638350821763}}