{"config_name": "neat_grid_UNIUSDT_755days",
 "logging_level": 0,
 "long": {"auto_unstuck_ema_dist": 0.03584197709113955,
          "auto_unstuck_wallet_exposure_threshold": 0.011339073494861095,
          "backwards_tp": true,
          "ema_span_0": 860.6532950868807,
          "ema_span_1": 798.9691893729962,
          "enabled": true,
          "eprice_exp_base": 1.0843898752232053,
          "eqty_exp_base": 1.5384274274195582,
          "grid_span": 0.24697032735228489,
          "initial_eprice_ema_dist": -0.006438798060711154,
          "initial_qty_pct": 0.01,
          "markup_range": 0.003,
          "max_n_entry_orders": 7,
          "min_markup": 0.002,
          "n_close_orders": 2,
          "wallet_exposure_limit": 0.5},
 "short": {"auto_unstuck_ema_dist": 0.09625583332248586,
           "auto_unstuck_wallet_exposure_threshold": 0.023025508535914112,
           "backwards_tp": true,
           "ema_span_0": 354.6724398471411,
           "ema_span_1": 10,
           "enabled": true,
           "eprice_exp_base": 1.1301214694352961,
           "eqty_exp_base": 2.687908942587359,
           "grid_span": 0.3243366873168627,
           "initial_eprice_ema_dist": -0.07134254983906127,
           "initial_qty_pct": 0.01,
           "markup_range": 0.003,
           "max_n_entry_orders": 9,
           "min_markup": 0.002,
           "n_close_orders": 2,
           "wallet_exposure_limit": 0.5}}