{"config_name": "neat_grid_XRPUSDT_1011days",
 "logging_level": 0,
 "long": {"auto_unstuck_ema_dist": 0.00480945751940448,
          "auto_unstuck_wallet_exposure_threshold": 0.1632768366105203,
          "backwards_tp": true,
          "ema_span_0": 740.5615025890546,
          "ema_span_1": 1021.1357521458069,
          "enabled": true,
          "eprice_exp_base": 1.0566552733396755,
          "eqty_exp_base": 2.002304891158508,
          "grid_span": 0.19923498449614,
          "initial_eprice_ema_dist": -0.09563743259943149,
          "initial_qty_pct": 0.01,
          "markup_range": 0.002,
          "max_n_entry_orders": 13,
          "min_markup": 0.0029572546356554028,
          "n_close_orders": 8,
          "wallet_exposure_limit": 0.5},
 "short": {"auto_unstuck_ema_dist": 0.030812785777268314,
           "auto_unstuck_wallet_exposure_threshold": 0.5453595839752107,
           "backwards_tp": true,
           "ema_span_0": 278.1387682907434,
           "ema_span_1": 2683.8014657999533,
           "enabled": true,
           "eprice_exp_base": 1.4038442946033562,
           "eqty_exp_base": 1.5780512258222077,
           "grid_span": 0.2311497941726067,
           "initial_eprice_ema_dist": -0.02773606448349466,
           "initial_qty_pct": 0.01,
           "markup_range": 0.002,
           "max_n_entry_orders": 11,
           "min_markup": 0.0026146278643319255,
           "n_close_orders": 7,
           "wallet_exposure_limit": 0.5}}