{"config_name": "neat_grid_ADAUSDT_986days",
 "logging_level": 0,
 "long": {"auto_unstuck_ema_dist": 0,
          "auto_unstuck_wallet_exposure_threshold": 0.18466576831083872,
          "backwards_tp": true,
          "ema_span_0": 995.0568606316134,
          "ema_span_1": 199.98785401778218,
          "enabled": true,
          "eprice_exp_base": 1.0634470780859073,
          "eqty_exp_base": 2.653086372517852,
          "grid_span": 0.12315044796285447,
          "initial_eprice_ema_dist": 0,
          "initial_qty_pct": 0.011581183122316544,
          "markup_range": 0.004567343980635022,
          "max_n_entry_orders": 8,
          "min_markup": 0.0015883687381455613,
          "n_close_orders": 3,
          "wallet_exposure_limit": 0.5},
 "short": {"auto_unstuck_ema_dist": 0.09545709840751601,
           "auto_unstuck_wallet_exposure_threshold": 0.1637468808217228,
           "backwards_tp": true,
           "ema_span_0": 2079.586962380786,
           "ema_span_1": 7809.29456138612,
           "enabled": true,
           "eprice_exp_base": 1.8987155893531737,
           "eqty_exp_base": 1.0459497866764205,
           "grid_span": 0.200216849409058,
           "initial_eprice_ema_dist": -0.008128113572386757,
           "initial_qty_pct": 0.008,
           "markup_range": 0.004710444641730869,
           "max_n_entry_orders": 14,
           "min_markup": 0.0018215440133182098,
           "n_close_orders": 3,
           "wallet_exposure_limit": 0.5}}