{"config_name": "neat_grid_AVAXUSDT_750days",
 "logging_level": 0,
 "long": {"auto_unstuck_ema_dist": 0.002959313545731036,
          "auto_unstuck_wallet_exposure_threshold": 0.5465333740555227,
          "backwards_tp": true,
          "ema_span_0": 245.87518065772926,
          "ema_span_1": 156.91424542782084,
          "enabled": true,
          "eprice_exp_base": 1.0310550846769615,
          "eqty_exp_base": 1.1734742904077684,
          "grid_span": 0.20247789474528788,
          "initial_eprice_ema_dist": -0.07550301279563938,
          "initial_qty_pct": 0.01,
          "markup_range": 0.002,
          "max_n_entry_orders": 10,
          "min_markup": 0.002871966059986985,
          "n_close_orders": 6,
          "wallet_exposure_limit": 0.5},
 "short": {"auto_unstuck_ema_dist": 0.004098133510874378,
           "auto_unstuck_wallet_exposure_threshold": 0.5121488608742862,
           "backwards_tp": true,
           "ema_span_0": 1121.8917098288596,
           "ema_span_1": 522.3108276870324,
           "enabled": true,
           "eprice_exp_base": 1.233181145043858,
           "eqty_exp_base": 2.341915736236822,
           "grid_span": 0.3236514531860901,
           "initial_eprice_ema_dist": -0.020502310890162793,
           "initial_qty_pct": 0.01,
           "markup_range": 0.002,
           "max_n_entry_orders": 11,
           "min_markup": 0.0029844249948339525,
           "n_close_orders": 6,
           "wallet_exposure_limit": 0.5}}