{"config_name": "neat_grid_AVAXUSDT_568days",
 "logging_level": 0,
 "long": {"auto_unstuck_ema_dist": 0.08627719360337176,
          "auto_unstuck_wallet_exposure_threshold": 0.019734049153422212,
          "backwards_tp": true,
          "ema_span_0": 300.80479947326285,
          "ema_span_1": 69.336718990297,
          "enabled": true,
          "eprice_exp_base": 2.6389075701521083,
          "eqty_exp_base": 1.25,
          "grid_span": 0.26938985091256457,
          "initial_eprice_ema_dist": -0.06444994273682811,
          "initial_qty_pct": 0.01,
          "markup_range": 0.0023684858064955596,
          "max_n_entry_orders": 11,
          "min_markup": 0.002,
          "n_close_orders": 4,
          "wallet_exposure_limit": 0.5},
 "short": {"auto_unstuck_ema_dist": 0.08728669217021974,
           "auto_unstuck_wallet_exposure_threshold": 0.0025565952098660473,
           "backwards_tp": true,
           "ema_span_0": 2000,
           "ema_span_1": 3470.647784642811,
           "enabled": true,
           "eprice_exp_base": 1.3472455750663892,
           "eqty_exp_base": 2.894200699745119,
           "grid_span": 0.49224477030704306,
           "initial_eprice_ema_dist": -0.004232172883234898,
           "initial_qty_pct": 0.01,
           "markup_range": 0.003,
           "max_n_entry_orders": 19,
           "min_markup": 0.002,
           "n_close_orders": 2,
           "wallet_exposure_limit": 0.5}}