{"config_name": "neat_grid_UNIUSDT_568days",
 "logging_level": 0,
 "long": {"auto_unstuck_ema_dist": 0.048936552851833647,
          "auto_unstuck_wallet_exposure_threshold": 0.09097777261172663,
          "backwards_tp": true,
          "ema_span_0": 127.97793695246472,
          "ema_span_1": 496.40133123353075,
          "enabled": true,
          "eprice_exp_base": 1.2645818436674263,
          "eqty_exp_base": 2.8518177219197005,
          "grid_span": 0.3,
          "initial_eprice_ema_dist": -0.09480918113420449,
          "initial_qty_pct": 0.01,
          "markup_range": 0.003,
          "max_n_entry_orders": 13,
          "min_markup": 0.002,
          "n_close_orders": 2,
          "wallet_exposure_limit": 0.5},
 "short": {"auto_unstuck_ema_dist": 0.08905985415670739,
           "auto_unstuck_wallet_exposure_threshold": 0.001,
           "backwards_tp": true,
           "ema_span_0": 1968.8566040916685,
           "ema_span_1": 1979.456516751127,
           "enabled": true,
           "eprice_exp_base": 1.1873802951867645,
           "eqty_exp_base": 1.25,
           "grid_span": 0.3247404234516454,
           "initial_eprice_ema_dist": -0.023621411012972188,
           "initial_qty_pct": 0.01,
           "markup_range": 0.002959347874967043,
           "max_n_entry_orders": 10,
           "min_markup": 0.002,
           "n_close_orders": 3,
           "wallet_exposure_limit": 0.5}}