{"config_name": "neat_grid_LTCUSDT_1008days",
 "logging_level": 0,
 "long": {"auto_unstuck_ema_dist": 0.03883286163412621,
          "auto_unstuck_wallet_exposure_threshold": 0.028046145421194005,
          "backwards_tp": true,
          "ema_span_0": 327.2005070112274,
          "ema_span_1": 327.3021626897808,
          "enabled": true,
          "eprice_exp_base": 1.3955999479265935,
          "eqty_exp_base": 3.472227304247742,
          "grid_span": 0.38291462315799146,
          "initial_eprice_ema_dist": -0.04264665306059553,
          "initial_qty_pct": 0.012021660292244296,
          "markup_range": 0.0034144522765278303,
          "max_n_entry_orders": 10,
          "min_markup": 0.002,
          "n_close_orders": 3,
          "wallet_exposure_limit": 0.5},
 "short": {"auto_unstuck_ema_dist": 0.031921855760224944,
           "auto_unstuck_wallet_exposure_threshold": 0.033488601687311555,
           "backwards_tp": true,
           "ema_span_0": 2969.884088877114,
           "ema_span_1": 893.573425156278,
           "enabled": true,
           "eprice_exp_base": 1.2796433477187628,
           "eqty_exp_base": 2.1911063199054572,
           "grid_span": 0.44570677660291363,
           "initial_eprice_ema_dist": -0.01950503458385876,
           "initial_qty_pct": 0.008652038621070989,
           "markup_range": 0.0025794612079137664,
           "max_n_entry_orders": 9,
           "min_markup": 0.002,
           "n_close_orders": 2,
           "wallet_exposure_limit": 0.5}}