{"config_name": "neat_grid_DOGEUSDT_568days",
 "logging_level": 0,
 "long": {"auto_unstuck_ema_dist": 0.024612266874332447,
          "auto_unstuck_wallet_exposure_threshold": 0.02033707126068811,
          "backwards_tp": true,
          "ema_span_0": 99.99216927772423,
          "ema_span_1": 68.81132631194242,
          "enabled": true,
          "eprice_exp_base": 1.3847516099072776,
          "eqty_exp_base": 1.9047997104734737,
          "grid_span": 0.2311454823679849,
          "initial_eprice_ema_dist": -0.07984793123539703,
          "initial_qty_pct": 0.01,
          "markup_range": 0.0015493281398301386,
          "max_n_entry_orders": 6,
          "min_markup": 0.0029255106975697703,
          "n_close_orders": 7,
          "wallet_exposure_limit": 0.5},
 "short": {"auto_unstuck_ema_dist": 0.09038368803174276,
           "auto_unstuck_wallet_exposure_threshold": 0.003952232919474736,
           "backwards_tp": true,
           "ema_span_0": 3015.9266115781315,
           "ema_span_1": 5251.0693296424615,
           "enabled": true,
           "eprice_exp_base": 1.1626929915669184,
           "eqty_exp_base": 1.6300663334317629,
           "grid_span": 0.2,
           "initial_eprice_ema_dist": -0.08918317588222421,
           "initial_qty_pct": 0.01,
           "markup_range": 0.0018832006390602477,
           "max_n_entry_orders": 9,
           "min_markup": 0.0027708683565569143,
           "n_close_orders": 12,
           "wallet_exposure_limit": 0.5}}