{"config_name": "neat_grid_MATICUSDT_568days",
 "logging_level": 0,
 "long": {"auto_unstuck_ema_dist": 0.0023790855902760854,
          "auto_unstuck_wallet_exposure_threshold": 0.5886269116276958,
          "backwards_tp": true,
          "ema_span_0": 307.08907492214837,
          "ema_span_1": 348.7711661567338,
          "enabled": true,
          "eprice_exp_base": 1.2257371636124377,
          "eqty_exp_base": 1.5805814643357354,
          "grid_span": 0.20519765729947864,
          "initial_eprice_ema_dist": -0.09127249919659998,
          "initial_qty_pct": 0.01,
          "markup_range": 0.001527321025711749,
          "max_n_entry_orders": 7,
          "min_markup": 0.0029489612267636885,
          "n_close_orders": 12,
          "wallet_exposure_limit": 1},
 "short": {"auto_unstuck_ema_dist": 0.08284502287228132,
           "auto_unstuck_wallet_exposure_threshold": 0.4959671570301439,
           "backwards_tp": true,
           "ema_span_0": 2287.8198354315027,
           "ema_span_1": 2673.4221770730915,
           "enabled": false,
           "eprice_exp_base": 1,
           "eqty_exp_base": 1.5486316560535478,
           "grid_span": 0.5350613388577893,
           "initial_eprice_ema_dist": -0.07457841504307268,
           "initial_qty_pct": 0.01,
           "markup_range": 0.002,
           "max_n_entry_orders": 8,
           "min_markup": 0.0028868922149988614,
           "n_close_orders": 7,
           "wallet_exposure_limit": 0.5}}