{"config_name": "neat_grid_BNBUSDT_894days",
 "logging_level": 0,
 "long": {"auto_unstuck_ema_dist": 0.036319254738876705,
          "auto_unstuck_wallet_exposure_threshold": 0.06536398789105712,
          "backwards_tp": true,
          "ema_span_0": 150.29629085178428,
          "ema_span_1": 100.87769732465287,
          "enabled": true,
          "eprice_exp_base": 1.3441783091821824,
          "eqty_exp_base": 1.9646627596587694,
          "grid_span": 0.2792770751552055,
          "initial_eprice_ema_dist": -0.08183945892953463,
          "initial_qty_pct": 0.01,
          "markup_range": 0.002891569753642248,
          "max_n_entry_orders": 10,
          "min_markup": 0.002,
          "n_close_orders": 3,
          "wallet_exposure_limit": 0.5},
 "short": {"auto_unstuck_ema_dist": 0.0959361736716485,
           "auto_unstuck_wallet_exposure_threshold": 0.01871163189553194,
           "backwards_tp": true,
           "ema_span_0": 331.81220332544586,
           "ema_span_1": 54.89867987766333,
           "enabled": true,
           "eprice_exp_base": 1.221571403417255,
           "eqty_exp_base": 2.3032154620613636,
           "grid_span": 0.3872584604686304,
           "initial_eprice_ema_dist": -0.06353248581673966,
           "initial_qty_pct": 0.01,
           "markup_range": 0.002336396356366406,
           "max_n_entry_orders": 8,
           "min_markup": 0.002,
           "n_close_orders": 2,
           "wallet_exposure_limit": 0.5}}