{"config_name": "neat_grid_MATICUSDT_721days",
 "logging_level": 0,
 "long": {"auto_unstuck_ema_dist": 0.044244885797242325,
          "auto_unstuck_wallet_exposure_threshold": 0.052567931847623844,
          "backwards_tp": true,
          "ema_span_0": 1712.8777822171933,
          "ema_span_1": 1503.5336668691502,
          "enabled": true,
          "eprice_exp_base": 1.2836976599223464,
          "eqty_exp_base": 1.4342623207811118,
          "grid_span": 0.24253452993759395,
          "initial_eprice_ema_dist": 0,
          "initial_qty_pct": 0.01,
          "markup_range": 0.0028492359128131396,
          "max_n_entry_orders": 9,
          "min_markup": 0.002,
          "n_close_orders": 2,
          "wallet_exposure_limit": 0.5},
 "short": {"auto_unstuck_ema_dist": 0.09152076893828763,
           "auto_unstuck_wallet_exposure_threshold": 0.028283349183535072,
           "backwards_tp": true,
           "ema_span_0": 10,
           "ema_span_1": 10,
           "enabled": true,
           "eprice_exp_base": 1.1942767430177499,
           "eqty_exp_base": 2.24512600380069,
           "grid_span": 0.32,
           "initial_eprice_ema_dist": -0.08253279852904093,
           "initial_qty_pct": 0.01,
           "markup_range": 0.002743576992808117,
           "max_n_entry_orders": 11,
           "min_markup": 0.002,
           "n_close_orders": 3,
           "wallet_exposure_limit": 0.5}}