{"config_name": "neat_grid_DOTUSDT_782days",
 "logging_level": 0,
 "long": {"auto_unstuck_ema_dist": 0.08924331253271021,
          "auto_unstuck_wallet_exposure_threshold": 0.014588677285219193,
          "backwards_tp": true,
          "ema_span_0": 1757.2750444952237,
          "ema_span_1": 3290.6537766808797,
          "enabled": true,
          "eprice_exp_base": 1.1064311730562186,
          "eqty_exp_base": 1,
          "grid_span": 0.34497986176769097,
          "initial_eprice_ema_dist": -0.0008057799591214797,
          "initial_qty_pct": 0.01,
          "markup_range": 0.003,
          "max_n_entry_orders": 12,
          "min_markup": 0.002,
          "n_close_orders": 1,
          "wallet_exposure_limit": 0.5},
 "short": {"auto_unstuck_ema_dist": 0.04648264305140362,
           "auto_unstuck_wallet_exposure_threshold": 0.16807137714363582,
           "backwards_tp": true,
           "ema_span_0": 380.8403035397025,
           "ema_span_1": 400.31683864872934,
           "enabled": true,
           "eprice_exp_base": 1.078259381180199,
           "eqty_exp_base": 1.6244115441821374,
           "grid_span": 0.3154249249358583,
           "initial_eprice_ema_dist": -0.08233010782565929,
           "initial_qty_pct": 0.01,
           "markup_range": 0.003,
           "max_n_entry_orders": 8,
           "min_markup": 0.002,
           "n_close_orders": 1,
           "wallet_exposure_limit": 0.5}}