{"config_name": "recursive_grid_DOTUSDT_700days",
 "logging_level": 0,
 "long": {"auto_unstuck_ema_dist": 0,
          "auto_unstuck_wallet_exposure_threshold": 0,
          "backwards_tp": false,
          "ddown_factor": 2.9225104848065158,
          "ema_span_0": 722.469062945904,
          "ema_span_1": 667.642417945541,
          "enabled": true,
          "initial_eprice_ema_dist": -0.18303879533075476,
          "initial_qty_pct": 0.0005,
          "markup_range": 0.08707395989296059,
          "min_markup": 0.005075861794483938,
          "n_close_orders": 13,
          "rentry_pprice_dist": 0.02157034366257856,
          "rentry_pprice_dist_wallet_exposure_weighting": 1.0124045207869388,
          "wallet_exposure_limit": 1.0},
 "short": {"auto_unstuck_ema_dist": 0.2377800036074869,
           "auto_unstuck_wallet_exposure_threshold": 0.46454946217675097,
           "backwards_tp": false,
           "ddown_factor": 2.2133317717200174,
           "ema_span_0": 4016.7064129787145,
           "ema_span_1": 4459.987926877553,
           "enabled": false,
           "initial_eprice_ema_dist": -0.08188683277792502,
           "initial_qty_pct": 0.03193311905117121,
           "markup_range": 0.03201885550162765,
           "min_markup": 0.03805299362390554,
           "n_close_orders": 7,
           "rentry_pprice_dist": 0.022283189988344,
           "rentry_pprice_dist_wallet_exposure_weighting": 3.5850819551824706,
           "wallet_exposure_limit": 0.1}}