{"config_name": "neat_grid_LTCUSDT_1008days",
 "logging_level": 0,
 "long": {"auto_unstuck_ema_dist": 0.05,
          "auto_unstuck_wallet_exposure_threshold": 0.18159677936388577,
          "backwards_tp": true,
          "ema_span_0": 2031.6678611769712,
          "ema_span_1": 10080,
          "enabled": true,
          "eprice_exp_base": 1.032359381751156,
          "eqty_exp_base": 1.5979084669944454,
          "grid_span": 0.3348601855885481,
          "initial_eprice_ema_dist": -0.05421347586389081,
          "initial_qty_pct": 0.01,
          "markup_range": 0.0030798951184369924,
          "max_n_entry_orders": 5,
          "min_markup": 0.002,
          "n_close_orders": 3,
          "wallet_exposure_limit": 0.5},
 "short": {"auto_unstuck_ema_dist": 0.04536012947072671,
           "auto_unstuck_wallet_exposure_threshold": 0,
           "backwards_tp": true,
           "ema_span_0": 2063.30369731556,
           "ema_span_1": 4008.012107352366,
           "enabled": true,
           "eprice_exp_base": 1,
           "eqty_exp_base": 2.628904192605941,
           "grid_span": 0.4987940076732735,
           "initial_eprice_ema_dist": 0,
           "initial_qty_pct": 0.01,
           "markup_range": 0.002273392376806588,
           "max_n_entry_orders": 7,
           "min_markup": 0.002,
           "n_close_orders": 3,
           "wallet_exposure_limit": 0.5}}