{"config_name": "neat_grid_SOLUSDT_568days",
 "logging_level": 0,
 "long": {"auto_unstuck_ema_dist": 0.015982636115192586,
          "auto_unstuck_wallet_exposure_threshold": 0.6,
          "backwards_tp": true,
          "ema_span_0": 1171.9263132488957,
          "ema_span_1": 1070.0262730888699,
          "enabled": true,
          "eprice_exp_base": 1.1910054231009182,
          "eqty_exp_base": 2.264262244558198,
          "grid_span": 0.2387478928305524,
          "initial_eprice_ema_dist": -0.1,
          "initial_qty_pct": 0.01,
          "markup_range": 0.0017517332756732313,
          "max_n_entry_orders": 11,
          "min_markup": 0.0028298254129393956,
          "n_close_orders": 7,
          "wallet_exposure_limit": 0.5},
 "short": {"auto_unstuck_ema_dist": 0.09568567177093758,
           "auto_unstuck_wallet_exposure_threshold": 0.12832362186279353,
           "backwards_tp": true,
           "ema_span_0": 2215.0668128740454,
           "ema_span_1": 2172.469949205177,
           "enabled": true,
           "eprice_exp_base": 1.6146205954827744,
           "eqty_exp_base": 1.7831453934781096,
           "grid_span": 0.2660672469435008,
           "initial_eprice_ema_dist": -0.031053087122287094,
           "initial_qty_pct": 0.01,
           "markup_range": 0.0018969531643099656,
           "max_n_entry_orders": 6,
           "min_markup": 0.0027989606752482684,
           "n_close_orders": 9,
           "wallet_exposure_limit": 0.5}}