{"config_name": "neat_grid_MATICUSDT_721days",
 "logging_level": 0,
 "long": {"auto_unstuck_ema_dist": 0.000916996569846367,
          "auto_unstuck_wallet_exposure_threshold": 0.016712838442952446,
          "backwards_tp": true,
          "ema_span_0": 3686.026166748833,
          "ema_span_1": 1331.8517696691492,
          "enabled": true,
          "eprice_exp_base": 1,
          "eqty_exp_base": 2.1353118797066943,
          "grid_span": 0.24780599151939728,
          "initial_eprice_ema_dist": -0.008892852867265356,
          "initial_qty_pct": 0.009113251363857582,
          "markup_range": 0.004392766101064839,
          "max_n_entry_orders": 7,
          "min_markup": 0.0015,
          "n_close_orders": 2,
          "wallet_exposure_limit": 0.5},
 "short": {"auto_unstuck_ema_dist": 0.08900770446530373,
           "auto_unstuck_wallet_exposure_threshold": 0.0008838334839362354,
           "backwards_tp": true,
           "ema_span_0": 1784.053383667507,
           "ema_span_1": 1854.4648043016211,
           "enabled": true,
           "eprice_exp_base": 1.2782374056257424,
           "eqty_exp_base": 4.664192158122629,
           "grid_span": 0.4383303953662589,
           "initial_eprice_ema_dist": -0.019093991646081877,
           "initial_qty_pct": 0.007530824338805808,
           "markup_range": 0.006342299878654996,
           "max_n_entry_orders": 6,
           "min_markup": 0.0030046444282523575,
           "n_close_orders": 14,
           "wallet_exposure_limit": 0.5}}