{"config_name": "neat_grid_TRXUSDT_920days",
 "logging_level": 0,
 "long": {"auto_unstuck_ema_dist": 0.09769800051788191,
          "auto_unstuck_wallet_exposure_threshold": 0,
          "backwards_tp": true,
          "ema_span_0": 1,
          "ema_span_1": 1,
          "enabled": true,
          "eprice_exp_base": 1.0556658688865497,
          "eqty_exp_base": 2.221594666815756,
          "grid_span": 0.15076157455790212,
          "initial_eprice_ema_dist": -1,
          "initial_qty_pct": 0.01,
          "markup_range": 0.001880758376479156,
          "max_n_entry_orders": 5,
          "min_markup": 0.004420694106475342,
          "n_close_orders": 6,
          "wallet_exposure_limit": 0.5},
 "short": {"auto_unstuck_ema_dist": 0.08438988301318762,
           "auto_unstuck_wallet_exposure_threshold": 0.16386255835324778,
           "backwards_tp": true,
           "ema_span_0": 1,
           "ema_span_1": 1,
           "enabled": true,
           "eprice_exp_base": 1.1398308742503522,
           "eqty_exp_base": 1.4208040049184887,
           "grid_span": 0.5212633977843395,
           "initial_eprice_ema_dist": -1,
           "initial_qty_pct": 0.01,
           "markup_range": 0.0017776014759869519,
           "max_n_entry_orders": 11,
           "min_markup": 0.004863675166531196,
           "n_close_orders": 12,
           "wallet_exposure_limit": 0.5}}