{"config_name": "neat_grid_BNBUSDT_976days",
 "logging_level": 0,
 "long": {"auto_unstuck_ema_dist": 0.08209375873258286,
          "auto_unstuck_wallet_exposure_threshold": 0.013618503761386567,
          "backwards_tp": true,
          "ema_span_0": 86.19667857888146,
          "ema_span_1": 10,
          "enabled": true,
          "eprice_exp_base": 1,
          "eqty_exp_base": 1.315723762139566,
          "grid_span": 0.16758572907350908,
          "initial_eprice_ema_dist": -0.09672052715233602,
          "initial_qty_pct": 0.01,
          "markup_range": 0.002,
          "max_n_entry_orders": 10,
          "min_markup": 0.0027325492801660353,
          "n_close_orders": 9,
          "wallet_exposure_limit": 0.5},
 "short": {"auto_unstuck_ema_dist": 0.07946154852450768,
           "auto_unstuck_wallet_exposure_threshold": 0.2910296553136913,
           "backwards_tp": true,
           "ema_span_0": 1710.6417779053102,
           "ema_span_1": 3899.290622290066,
           "enabled": true,
           "eprice_exp_base": 1.4496579607172113,
           "eqty_exp_base": 2.682184856928054,
           "grid_span": 0.1671601066006355,
           "initial_eprice_ema_dist": -0.04468527274422527,
           "initial_qty_pct": 0.01,
           "markup_range": 0.002,
           "max_n_entry_orders": 14,
           "min_markup": 0.0028869422610076456,
           "n_close_orders": 6,
           "wallet_exposure_limit": 0.5}}