{"config_name": "neat_grid_TRXUSDT_920days",
 "logging_level": 0,
 "long": {"auto_unstuck_ema_dist": 0.0030640433209958907,
          "auto_unstuck_wallet_exposure_threshold": 0.6,
          "backwards_tp": true,
          "ema_span_0": 366.9221253299848,
          "ema_span_1": 135.82366306920747,
          "enabled": true,
          "eprice_exp_base": 1.1604899448118806,
          "eqty_exp_base": 1.0094904296432128,
          "grid_span": 0.2751860480286347,
          "initial_eprice_ema_dist": -0.09883860459509228,
          "initial_qty_pct": 0.01,
          "markup_range": 0.001889506617373496,
          "max_n_entry_orders": 7,
          "min_markup": 0.0027811806538037124,
          "n_close_orders": 14,
          "wallet_exposure_limit": 0.5},
 "short": {"auto_unstuck_ema_dist": 0.07757665069423106,
           "auto_unstuck_wallet_exposure_threshold": 0.4808663264117949,
           "backwards_tp": true,
           "ema_span_0": 548.998778207892,
           "ema_span_1": 527.0426277782072,
           "enabled": true,
           "eprice_exp_base": 1.1198499764182117,
           "eqty_exp_base": 2.5797774575665584,
           "grid_span": 0.44500132302954476,
           "initial_eprice_ema_dist": -0.06858730150907338,
           "initial_qty_pct": 0.01,
           "markup_range": 0.001979865796438807,
           "max_n_entry_orders": 6,
           "min_markup": 0.0029458275242113235,
           "n_close_orders": 14,
           "wallet_exposure_limit": 0.5}}