{"config_name": "neat_grid_0days",
 "logging_level": 0,
 "long": {"auto_unstuck_ema_dist": 0.03611255092281845,
          "auto_unstuck_wallet_exposure_threshold": 0.6,
          "backwards_tp": true,
          "ema_span_0": 925.4429075191209,
          "ema_span_1": 1030.4494671784466,
          "enabled": true,
          "eprice_exp_base": 1.187989022200103,
          "eqty_exp_base": 1.5,
          "grid_span": 0.20664208551281787,
          "initial_eprice_ema_dist": -0.0092778272654436,
          "initial_qty_pct": 0.01,
          "markup_range": 0.0019114877220141712,
          "max_n_entry_orders": 14,
          "min_markup": 0.0029857301359625986,
          "n_close_orders": 6,
          "wallet_exposure_limit": 0.1},
 "short": {"auto_unstuck_ema_dist": 0.1,
           "auto_unstuck_wallet_exposure_threshold": 0.09541619919849469,
           "backwards_tp": true,
           "ema_span_0": 102.33150836615191,
           "ema_span_1": 113.92451389703261,
           "enabled": true,
           "eprice_exp_base": 1.1946335506409211,
           "eqty_exp_base": 2.0865437366809076,
           "grid_span": 0.24502321785783718,
           "initial_eprice_ema_dist": -0.07289097857268169,
           "initial_qty_pct": 0.01,
           "markup_range": 0.0015159410731775094,
           "max_n_entry_orders": 10,
           "min_markup": 0.002949479006517426,
           "n_close_orders": 5,
           "wallet_exposure_limit": 0.1}}