{"config_name": "neat_grid_LTCUSDT_1008days",
 "logging_level": 0,
 "long": {"auto_unstuck_ema_dist": 0.009350895764843865,
          "auto_unstuck_wallet_exposure_threshold": 0.5816199789955364,
          "backwards_tp": true,
          "ema_span_0": 73.77266206571761,
          "ema_span_1": 10,
          "enabled": true,
          "eprice_exp_base": 1.0675794680046342,
          "eqty_exp_base": 1,
          "grid_span": 0.1106183959219804,
          "initial_eprice_ema_dist": -0.1,
          "initial_qty_pct": 0.01,
          "markup_range": 0.002,
          "max_n_entry_orders": 6,
          "min_markup": 0.0029977354644520385,
          "n_close_orders": 12,
          "wallet_exposure_limit": 1.0},
 "short": {"auto_unstuck_ema_dist": 0.05975788735764068,
           "auto_unstuck_wallet_exposure_threshold": 0.3117860990586296,
           "backwards_tp": true,
           "ema_span_0": 498.34960972881953,
           "ema_span_1": 1910.1461720842592,
           "enabled": false,
           "eprice_exp_base": 1.931900445804786,
           "eqty_exp_base": 2.442966248719226,
           "grid_span": 0.10773940555164915,
           "initial_eprice_ema_dist": -0.01316665359301553,
           "initial_qty_pct": 0.01,
           "markup_range": 0.0018234381511346234,
           "max_n_entry_orders": 12,
           "min_markup": 0.002075185731445085,
           "n_close_orders": 16,
           "wallet_exposure_limit": 0.1}}