{"config_name": "neat_grid_XRPUSDT_929days",
 "logging_level": 0,
 "long": {"auto_unstuck_ema_dist": 0.011038807664669819,
          "auto_unstuck_wallet_exposure_threshold": 0.08581015779249351,
          "backwards_tp": true,
          "ema_span_0": 171.4718403471383,
          "ema_span_1": 172.41185753874936,
          "enabled": true,
          "eprice_exp_base": 1.2951017986213336,
          "eqty_exp_base": 2.3217813335519737,
          "grid_span": 0.26029515096655925,
          "initial_eprice_ema_dist": -0.08668318355051503,
          "initial_qty_pct": 0.01,
          "markup_range": 0.0028963954380056512,
          "max_n_entry_orders": 10,
          "min_markup": 0.002,
          "n_close_orders": 19,
          "wallet_exposure_limit": 0.5},
 "short": {"auto_unstuck_ema_dist": 0.0864022347152664,
           "auto_unstuck_wallet_exposure_threshold": 0.0042715246186506356,
           "backwards_tp": true,
           "ema_span_0": 453.33423591228575,
           "ema_span_1": 432.4125699498438,
           "enabled": true,
           "eprice_exp_base": 1.3822748331766086,
           "eqty_exp_base": 1.9196858170174216,
           "grid_span": 0.42525165560035405,
           "initial_eprice_ema_dist": -0.016266885718250565,
           "initial_qty_pct": 0.01,
           "markup_range": 0.0025910242084046945,
           "max_n_entry_orders": 7,
           "min_markup": 0.002,
           "n_close_orders": 6,
           "wallet_exposure_limit": 0.5}}