{"config_name": "neat_grid_XRPUSDT_929days",
 "logging_level": 0,
 "long": {"auto_unstuck_ema_dist": 0.0126573329988281,
          "auto_unstuck_wallet_exposure_threshold": 0.01028278452094571,
          "backwards_tp": true,
          "ema_span_0": 107.34902032387689,
          "ema_span_1": 104.99171654068712,
          "enabled": true,
          "eprice_exp_base": 1.2875763698546527,
          "eqty_exp_base": 1.7166806507409207,
          "grid_span": 0.2745630972319821,
          "initial_eprice_ema_dist": -0.1,
          "initial_qty_pct": 0.01,
          "markup_range": 0.0018205450674714566,
          "max_n_entry_orders": 7,
          "min_markup": 0.0028775659509015453,
          "n_close_orders": 11,
          "wallet_exposure_limit": 0.5},
 "short": {"auto_unstuck_ema_dist": 0.09631320275529211,
           "auto_unstuck_wallet_exposure_threshold": 0.03123933396215415,
           "backwards_tp": true,
           "ema_span_0": 10,
           "ema_span_1": 10,
           "enabled": true,
           "eprice_exp_base": 1.0944824895213643,
           "eqty_exp_base": 1.8208317810841501,
           "grid_span": 0.23013132937291145,
           "initial_eprice_ema_dist": -0.09882088679394957,
           "initial_qty_pct": 0.01,
           "markup_range": 0,
           "max_n_entry_orders": 7,
           "min_markup": 0.002986243852585655,
           "n_close_orders": 19,
           "wallet_exposure_limit": 0.5}}