{"config_name": "neat_grid_ADAUSDT_986days",
 "logging_level": 0,
 "long": {"auto_unstuck_ema_dist": 0.005335055343466654,
          "auto_unstuck_wallet_exposure_threshold": 0.5933566090827969,
          "backwards_tp": true,
          "ema_span_0": 111.22820584547202,
          "ema_span_1": 10,
          "enabled": true,
          "eprice_exp_base": 1.1509195909229075,
          "eqty_exp_base": 1.1573330768447931,
          "grid_span": 0.1492800876200187,
          "initial_eprice_ema_dist": -0.09169746749167747,
          "initial_qty_pct": 0.01,
          "markup_range": 0.001891022337628561,
          "max_n_entry_orders": 7,
          "min_markup": 0.003,
          "n_close_orders": 6,
          "wallet_exposure_limit": 1.0},
 "short": {"auto_unstuck_ema_dist": 0.07141109676612886,
           "auto_unstuck_wallet_exposure_threshold": 0.1690134616539721,
           "backwards_tp": true,
           "ema_span_0": 923.1750278411192,
           "ema_span_1": 4073.3040048542257,
           "enabled": false,
           "eprice_exp_base": 2.0446073876354274,
           "eqty_exp_base": 1.9932580820556238,
           "grid_span": 0.37184276080417644,
           "initial_eprice_ema_dist": -0.057711561347125906,
           "initial_qty_pct": 0.01,
           "markup_range": 0.0011598916092398859,
           "max_n_entry_orders": 9,
           "min_markup": 0.0027391382910757515,
           "n_close_orders": 15,
           "wallet_exposure_limit": 0.1}}