{"config_name": "neat_grid_BNBUSDT_976days",
 "logging_level": 0,
 "long": {"auto_unstuck_ema_dist": 0.039421510500547464,
          "auto_unstuck_wallet_exposure_threshold": 0.04565006035013901,
          "backwards_tp": true,
          "ema_span_0": 973.7877935934653,
          "ema_span_1": 1009.6794754962135,
          "enabled": true,
          "eprice_exp_base": 0.9,
          "eqty_exp_base": 2.4907815451990283,
          "grid_span": 0.1825028739471897,
          "initial_eprice_ema_dist": -0.07901079273223625,
          "initial_qty_pct": 0.01068816355613321,
          "markup_range": 0.0028128151714470833,
          "max_n_entry_orders": 24,
          "min_markup": 0.002,
          "n_close_orders": 2,
          "wallet_exposure_limit": 0.5},
 "short": {"auto_unstuck_ema_dist": 0.03992082091889378,
           "auto_unstuck_wallet_exposure_threshold": 0.18981024455887843,
           "backwards_tp": true,
           "ema_span_0": 2802.2073143084713,
           "ema_span_1": 4163.714273759667,
           "enabled": true,
           "eprice_exp_base": 1.0794477644825573,
           "eqty_exp_base": 2.438349953846163,
           "grid_span": 0.4362595088449893,
           "initial_eprice_ema_dist": -0.023012054748489528,
           "initial_qty_pct": 0.01,
           "markup_range": 0.00496591295034471,
           "max_n_entry_orders": 7,
           "min_markup": 0.002,
           "n_close_orders": 2,
           "wallet_exposure_limit": 0.5}}