{"config_name": "neat_grid_0days",
 "logging_level": 0,
 "long": {"auto_unstuck_ema_dist": 0.052242278373433544,
          "auto_unstuck_wallet_exposure_threshold": 0.01,
          "backwards_tp": true,
          "ema_span_0": 956.0986362276462,
          "ema_span_1": 3976.0730213844627,
          "enabled": true,
          "eprice_exp_base": 1.339120384652155,
          "eqty_exp_base": 2.0260035937483183,
          "grid_span": 0.3841513290678695,
          "initial_eprice_ema_dist": -0.08609885448874176,
          "initial_qty_pct": 0.01,
          "markup_range": 0.003,
          "max_n_entry_orders": 19,
          "min_markup": 0.002,
          "n_close_orders": 5,
          "wallet_exposure_limit": 0.1},
 "short": {"auto_unstuck_ema_dist": 0.07420411420685727,
           "auto_unstuck_wallet_exposure_threshold": 0.06570391941448014,
           "backwards_tp": false,
           "ema_span_0": 2745.0561218219195,
           "ema_span_1": 6839.351297874115,
           "enabled": true,
           "eprice_exp_base": 1.398144760745025,
           "eqty_exp_base": 1.2928870774098002,
           "grid_span": 0.31369876364273785,
           "initial_eprice_ema_dist": -0.09227938112730479,
           "initial_qty_pct": 0.01,
           "markup_range": 0.0023407458804479493,
           "max_n_entry_orders": 7,
           "min_markup": 0.002,
           "n_close_orders": 6,
           "wallet_exposure_limit": 0.1}}