{"config_name": "neat_grid_0days",
 "logging_level": 0,
 "long": {"auto_unstuck_ema_dist": 0.05890962091906495,
          "auto_unstuck_wallet_exposure_threshold": 0,
          "backwards_tp": true,
          "ema_span_0": 47.21977622224357,
          "ema_span_1": 10,
          "enabled": true,
          "eprice_exp_base": 1.1516365739724101,
          "eqty_exp_base": 1.7391266515214399,
          "grid_span": 0.3886132819709191,
          "initial_eprice_ema_dist": -0.07899707636083937,
          "initial_qty_pct": 0.01,
          "markup_range": 0.002,
          "max_n_entry_orders": 11,
          "min_markup": 0.0028372000460034244,
          "n_close_orders": 5,
          "wallet_exposure_limit": 0.1},
 "short": {"auto_unstuck_ema_dist": 0.07685244563545185,
           "auto_unstuck_wallet_exposure_threshold": 0.052423739066405975,
           "backwards_tp": true,
           "ema_span_0": 1199.9242528503412,
           "ema_span_1": 3366.731512900889,
           "enabled": true,
           "eprice_exp_base": 1.118950771389637,
           "eqty_exp_base": 1.5852679719631335,
           "grid_span": 0.22186865768596936,
           "initial_eprice_ema_dist": 0,
           "initial_qty_pct": 0.01,
           "markup_range": 0.002,
           "max_n_entry_orders": 7,
           "min_markup": 0.0029833956607413035,
           "n_close_orders": 9,
           "wallet_exposure_limit": 0.1}}
