{"config_name": "neat_grid_DOTUSDT_568days",
 "logging_level": 0,
 "long": {"auto_unstuck_ema_dist": 0.00024422850228391583,
          "auto_unstuck_wallet_exposure_threshold": 0.5902908702882728,
          "backwards_tp": true,
          "ema_span_0": 733.3421805987749,
          "ema_span_1": 1313.1187953971685,
          "enabled": true,
          "eprice_exp_base": 1.8741946775300087,
          "eqty_exp_base": 1.7821676066737813,
          "grid_span": 0.21414314825401773,
          "initial_eprice_ema_dist": -0.08751358403214804,
          "initial_qty_pct": 0.01,
          "markup_range": 0.001911536822541223,
          "max_n_entry_orders": 6,
          "min_markup": 0.0029016774564902064,
          "n_close_orders": 12,
          "wallet_exposure_limit": 0.5},
 "short": {"auto_unstuck_ema_dist": 0.07050180766840178,
           "auto_unstuck_wallet_exposure_threshold": 0.5193487140421086,
           "backwards_tp": true,
           "ema_span_0": 2385.488630619481,
           "ema_span_1": 2450.2587024083714,
           "enabled": true,
           "eprice_exp_base": 1.0963833046010283,
           "eqty_exp_base": 1.6487329201927243,
           "grid_span": 0.2934453611106081,
           "initial_eprice_ema_dist": -0.09915761497161173,
           "initial_qty_pct": 0.01,
           "markup_range": 0.0019730997765292834,
           "max_n_entry_orders": 11,
           "min_markup": 0.002796292716530844,
           "n_close_orders": 5,
           "wallet_exposure_limit": 0.5}}