{"config_name": "neat_grid_LTCUSDT_926days",
 "logging_level": 0,
 "long": {"auto_unstuck_ema_dist": 0.005049399558466549,
          "auto_unstuck_wallet_exposure_threshold": 0.5792172953851996,
          "backwards_tp": true,
          "ema_span_0": 18.948847335950845,
          "ema_span_1": 387.31362076060685,
          "enabled": true,
          "eprice_exp_base": 2.0012135738171235,
          "eqty_exp_base": 1.6366796655754383,
          "grid_span": 0.4222404484604283,
          "initial_eprice_ema_dist": -0.031165995674512153,
          "initial_qty_pct": 0.01,
          "markup_range": 0.0016464042514206174,
          "max_n_entry_orders": 8,
          "min_markup": 0.004993012948602779,
          "n_close_orders": 8,
          "wallet_exposure_limit": 0.5},
 "short": {"auto_unstuck_ema_dist": 0.05730700659810447,
           "auto_unstuck_wallet_exposure_threshold": 0.06136835013479239,
           "backwards_tp": true,
           "ema_span_0": 2541.634460773966,
           "ema_span_1": 2304.2968448738993,
           "enabled": true,
           "eprice_exp_base": 1.5368237675293934,
           "eqty_exp_base": 1.518810370679749,
           "grid_span": 0.3280883753832081,
           "initial_eprice_ema_dist": -0.028693490977070944,
           "initial_qty_pct": 0.01,
           "markup_range": 0.0009291784293417444,
           "max_n_entry_orders": 8,
           "min_markup": 0.004739670634262535,
           "n_close_orders": 11,
           "wallet_exposure_limit": 0.5}}