{"config_name": "neat_grid_0days",
 "logging_level": 0,
 "long": {"auto_unstuck_ema_dist": 0.04838717325690515,
          "auto_unstuck_wallet_exposure_threshold": 0.5072901214777019,
          "backwards_tp": true,
          "ema_span_0": 1556.6408522715415,
          "ema_span_1": 563.2079478694263,
          "enabled": true,
          "eprice_exp_base": 1.0402752514009541,
          "eqty_exp_base": 1.5209521762402387,
          "grid_span": 0.1752226735957343,
          "initial_eprice_ema_dist": -0.061274772987354086,
          "initial_qty_pct": 0.01,
          "markup_range": 0.002,
          "max_n_entry_orders": 9,
          "min_markup": 0.0029733977568327176,
          "n_close_orders": 6,
          "wallet_exposure_limit": 0.1},
 "short": {"auto_unstuck_ema_dist": 0.06123736430567275,
           "auto_unstuck_wallet_exposure_threshold": 0.1642559044892066,
           "backwards_tp": true,
           "ema_span_0": 1411.0641317872567,
           "ema_span_1": 10,
           "enabled": true,
           "eprice_exp_base": 1.4065477555191126,
           "eqty_exp_base": 2.1220529970947988,
           "grid_span": 0.25368905988993706,
           "initial_eprice_ema_dist": -0.02899396822023826,
           "initial_qty_pct": 0.01,
           "markup_range": 0.002,
           "max_n_entry_orders": 14,
           "min_markup": 0.0028856505789853024,
           "n_close_orders": 5,
           "wallet_exposure_limit": 0.1}}