{"config_name": "neat_grid_SOLUSDT_759days",
 "logging_level": 0,
 "long": {"auto_unstuck_ema_dist": 6.78756726291219e-05,
          "auto_unstuck_wallet_exposure_threshold": 0.017342102271540066,
          "backwards_tp": true,
          "ema_span_0": 720.3031251322819,
          "ema_span_1": 1300.2675839528622,
          "enabled": true,
          "eprice_exp_base": 1.8574920881949233,
          "eqty_exp_base": 2.0733747212194307,
          "grid_span": 0.3152134008416522,
          "initial_eprice_ema_dist": -0.07428528642040734,
          "initial_qty_pct": 0.01,
          "markup_range": 0.002,
          "max_n_entry_orders": 7,
          "min_markup": 0.0028157686917784776,
          "n_close_orders": 6,
          "wallet_exposure_limit": 0.5},
 "short": {"auto_unstuck_ema_dist": 0.07737192358973818,
           "auto_unstuck_wallet_exposure_threshold": 0.01021012011969465,
           "backwards_tp": true,
           "ema_span_0": 2112.6219616304384,
           "ema_span_1": 3283.342382197734,
           "enabled": true,
           "eprice_exp_base": 1.1146948771503533,
           "eqty_exp_base": 1.793229680070303,
           "grid_span": 0.34729092917907384,
           "initial_eprice_ema_dist": -0.03241152444559399,
           "initial_qty_pct": 0.01,
           "markup_range": 0.0016756051617636593,
           "max_n_entry_orders": 19,
           "min_markup": 0.0029279803454745224,
           "n_close_orders": 13,
           "wallet_exposure_limit": 0.5}}