{"config_name": "neat_grid_DOTUSDT_782days",
 "logging_level": 0,
 "long": {"auto_unstuck_ema_dist": 0.029115289262548288,
          "auto_unstuck_wallet_exposure_threshold": 0.5531753212856747,
          "backwards_tp": true,
          "ema_span_0": 295.98810318642364,
          "ema_span_1": 2078.0624265098822,
          "enabled": true,
          "eprice_exp_base": 1.3360236312073486,
          "eqty_exp_base": 2.1029020887054566,
          "grid_span": 0.24011474702196317,
          "initial_eprice_ema_dist": -0.09461960081701079,
          "initial_qty_pct": 0.01,
          "markup_range": 0.002,
          "max_n_entry_orders": 7,
          "min_markup": 0.002162817165239467,
          "n_close_orders": 5,
          "wallet_exposure_limit": 0.5},
 "short": {"auto_unstuck_ema_dist": 0.07687987455892904,
           "auto_unstuck_wallet_exposure_threshold": 0.09349772765772148,
           "backwards_tp": true,
           "ema_span_0": 152.12462427431325,
           "ema_span_1": 20.579918079738622,
           "enabled": true,
           "eprice_exp_base": 1.4497282164381387,
           "eqty_exp_base": 1.8155023728875936,
           "grid_span": 0.3605491839890077,
           "initial_eprice_ema_dist": -0.07374386685481121,
           "initial_qty_pct": 0.01,
           "markup_range": 0.002,
           "max_n_entry_orders": 7,
           "min_markup": 0.002971920587310597,
           "n_close_orders": 5,
           "wallet_exposure_limit": 0.5}}