{"config_name": "neat_grid_MATICUSDT_639days",
 "logging_level": 0,
 "long": {"auto_unstuck_ema_dist": 0.02842879267524584,
          "auto_unstuck_wallet_exposure_threshold": 0.040428674743128105,
          "backwards_tp": true,
          "ema_span_0": 322.3503477827428,
          "ema_span_1": 270.5274393336234,
          "enabled": true,
          "eprice_exp_base": 1.615118959307207,
          "eqty_exp_base": 2.1347385668985264,
          "grid_span": 0.29905213835504996,
          "initial_eprice_ema_dist": -0.07552155410432461,
          "initial_qty_pct": 0.01,
          "markup_range": 0.003,
          "max_n_entry_orders": 9,
          "min_markup": 0.002,
          "n_close_orders": 2,
          "wallet_exposure_limit": 0.5},
 "short": {"auto_unstuck_ema_dist": 0.07588899567568101,
           "auto_unstuck_wallet_exposure_threshold": 0.010285136692826158,
           "backwards_tp": true,
           "ema_span_0": 1326.3643978547373,
           "ema_span_1": 1485.5936202754551,
           "enabled": true,
           "eprice_exp_base": 1.1236822057503217,
           "eqty_exp_base": 1.750156428798676,
           "grid_span": 0.34144413682243085,
           "initial_eprice_ema_dist": -0.019689793206643495,
           "initial_qty_pct": 0.01,
           "markup_range": 0.002967818677290347,
           "max_n_entry_orders": 15,
           "min_markup": 0.002,
           "n_close_orders": 2,
           "wallet_exposure_limit": 0.5}}