{"config_name": "neat_grid_LTCUSDT_926days",
 "logging_level": 0,
 "long": {"auto_unstuck_ema_dist": 0.0001,
          "auto_unstuck_wallet_exposure_threshold": 0.05757749770840936,
          "backwards_tp": true,
          "ema_span_0": 46.65202826452621,
          "ema_span_1": 10,
          "enabled": true,
          "eprice_exp_base": 1.6956366062011783,
          "eqty_exp_base": 2.0915173948849275,
          "grid_span": 0.2519363994722036,
          "initial_eprice_ema_dist": -0.0903286329364947,
          "initial_qty_pct": 0.01,
          "markup_range": 0.0024944164639669596,
          "max_n_entry_orders": 7,
          "min_markup": 0.002,
          "n_close_orders": 17,
          "wallet_exposure_limit": 0.5},
 "short": {"auto_unstuck_ema_dist": 0.06903537087487845,
           "auto_unstuck_wallet_exposure_threshold": 0.008794638311558889,
           "backwards_tp": true,
           "ema_span_0": 328.53312625410945,
           "ema_span_1": 2182.8597433798773,
           "enabled": true,
           "eprice_exp_base": 1.3883910340558323,
           "eqty_exp_base": 1.857228455855466,
           "grid_span": 0.42105877285911153,
           "initial_eprice_ema_dist": -0.018814313144823656,
           "initial_qty_pct": 0.01,
           "markup_range": 0.002769716494975607,
           "max_n_entry_orders": 7,
           "min_markup": 0.002,
           "n_close_orders": 5,
           "wallet_exposure_limit": 0.5}}