{"config_name": "neat_grid_SOLUSDT_568days",
 "logging_level": 0,
 "long": {"auto_unstuck_ema_dist": 0,
          "auto_unstuck_wallet_exposure_threshold": 0.047832564601605586,
          "backwards_tp": true,
          "ema_span_0": 99.59102806237735,
          "ema_span_1": 86.69283084076422,
          "enabled": true,
          "eprice_exp_base": 1.5570407467744065,
          "eqty_exp_base": 1.7694939798342106,
          "grid_span": 0.2453126645889553,
          "initial_eprice_ema_dist": -0.09046117693278631,
          "initial_qty_pct": 0.01,
          "markup_range": 0.002,
          "max_n_entry_orders": 6,
          "min_markup": 0.0027991747175025025,
          "n_close_orders": 7,
          "wallet_exposure_limit": 0.5},
 "short": {"auto_unstuck_ema_dist": 0.07228874168003802,
           "auto_unstuck_wallet_exposure_threshold": 0.01724588467731017,
           "backwards_tp": true,
           "ema_span_0": 790.4484279574662,
           "ema_span_1": 10,
           "enabled": true,
           "eprice_exp_base": 1.0616368774022333,
           "eqty_exp_base": 2.1376525695550583,
           "grid_span": 0.24834710750742925,
           "initial_eprice_ema_dist": -0.0995348862807828,
           "initial_qty_pct": 0.01,
           "markup_range": 0.0018843949744678638,
           "max_n_entry_orders": 10,
           "min_markup": 0.002985956960521352,
           "n_close_orders": 6,
           "wallet_exposure_limit": 0.5}}