{"config_name": "neat_grid_BNBUSDT_894days",
 "logging_level": 0,
 "long": {"auto_unstuck_ema_dist": 0.0838058113722697,
          "auto_unstuck_wallet_exposure_threshold": 0.015145203517219732,
          "backwards_tp": true,
          "ema_span_0": 395.2540298529647,
          "ema_span_1": 420.49617857343264,
          "enabled": true,
          "eprice_exp_base": 1.3042905266269735,
          "eqty_exp_base": 1.6653003840771632,
          "grid_span": 0.32096092445006363,
          "initial_eprice_ema_dist": -0.09235617328097684,
          "initial_qty_pct": 0.01,
          "markup_range": 0.003,
          "max_n_entry_orders": 10,
          "min_markup": 0.002,
          "n_close_orders": 1,
          "wallet_exposure_limit": 0.5},
 "short": {"auto_unstuck_ema_dist": 0.1,
           "auto_unstuck_wallet_exposure_threshold": 0.03163319738541417,
           "backwards_tp": true,
           "ema_span_0": 17.68010761468622,
           "ema_span_1": 10,
           "enabled": true,
           "eprice_exp_base": 1.0861621497111658,
           "eqty_exp_base": 2.006449384534887,
           "grid_span": 0.27083824449647514,
           "initial_eprice_ema_dist": -0.09041166512800533,
           "initial_qty_pct": 0.01,
           "markup_range": 0.003,
           "max_n_entry_orders": 14,
           "min_markup": 0.002,
           "n_close_orders": 1,
           "wallet_exposure_limit": 0.5}}