{"config_name": "neat_grid_TRXUSDT_1002days",
 "logging_level": 0,
 "long": {"auto_unstuck_ema_dist": 0.012360031961877238,
          "auto_unstuck_wallet_exposure_threshold": 0.07399728379596751,
          "backwards_tp": true,
          "ema_span_0": 1107.6786894432582,
          "ema_span_1": 1878.1712577571072,
          "enabled": true,
          "eprice_exp_base": 1.273378550495819,
          "eqty_exp_base": 1.4691180246469968,
          "grid_span": 0.25410838987625334,
          "initial_eprice_ema_dist": -0.09359232903322989,
          "initial_qty_pct": 0.01609006488137315,
          "markup_range": 0.004348247018840468,
          "max_n_entry_orders": 5,
          "min_markup": 0.002,
          "n_close_orders": 3,
          "wallet_exposure_limit": 0.5},
 "short": {"auto_unstuck_ema_dist": 0.004012441939610856,
           "auto_unstuck_wallet_exposure_threshold": 0.08610148843297624,
           "backwards_tp": true,
           "ema_span_0": 3917.907926238775,
           "ema_span_1": 4000.899455255589,
           "enabled": true,
           "eprice_exp_base": 0.9052642646212427,
           "eqty_exp_base": 4.832475517971034,
           "grid_span": 0.4623496029333032,
           "initial_eprice_ema_dist": -0.05378666572714406,
           "initial_qty_pct": 0.01,
           "markup_range": 0.004955721137028785,
           "max_n_entry_orders": 30,
           "min_markup": 0.002,
           "n_close_orders": 3,
           "wallet_exposure_limit": 0.5}}