{"config_name": "neat_grid_MATICUSDT_636days",
 "logging_level": 0,
 "long": {"auto_unstuck_ema_dist": 0.03317670380672886,
          "auto_unstuck_wallet_exposure_threshold": 0.5946093860480341,
          "backwards_tp": true,
          "ema_span_0": 410.72462056142035,
          "ema_span_1": 107.17040430302619,
          "enabled": true,
          "eprice_exp_base": 1.5370118769857375,
          "eqty_exp_base": 1.7874463949113584,
          "grid_span": 0.24249811981717564,
          "initial_eprice_ema_dist": -0.08418151179895289,
          "initial_qty_pct": 0.01,
          "markup_range": 0.001815139027457834,
          "max_n_entry_orders": 5,
          "min_markup": 0.002957699246104355,
          "n_close_orders": 17,
          "wallet_exposure_limit": 0.1},
 "short": {"auto_unstuck_ema_dist": 0.08904797069541565,
           "auto_unstuck_wallet_exposure_threshold": 0.5151082793037471,
           "backwards_tp": true,
           "ema_span_0": 2117.4152653930973,
           "ema_span_1": 1483.5902042622838,
           "enabled": true,
           "eprice_exp_base": 1.1383780998312245,
           "eqty_exp_base": 1.5967530803073533,
           "grid_span": 0.4672561397953105,
           "initial_eprice_ema_dist": -0.051071524696280075,
           "initial_qty_pct": 0.01,
           "markup_range": 0.0019042448672018791,
           "max_n_entry_orders": 9,
           "min_markup": 0.002790644726652951,
           "n_close_orders": 15,
           "wallet_exposure_limit": 0.1}}