{"config_name": "neat_grid_TRXUSDT_568days",
 "logging_level": 0,
 "long": {"auto_unstuck_ema_dist": 0.06148363996733374,
          "auto_unstuck_wallet_exposure_threshold": 0.014300172416977383,
          "backwards_tp": true,
          "ema_span_0": 349.91120368081897,
          "ema_span_1": 2160.86902600094,
          "enabled": true,
          "eprice_exp_base": 1.3720020783262699,
          "eqty_exp_base": 1.7558748166857314,
          "grid_span": 0.24580231933607713,
          "initial_eprice_ema_dist": -0.004339967286168885,
          "initial_qty_pct": 0.01,
          "markup_range": 0.003,
          "max_n_entry_orders": 8,
          "min_markup": 0.002,
          "n_close_orders": 2,
          "wallet_exposure_limit": 0.5},
 "short": {"auto_unstuck_ema_dist": 0.0916720502289487,
           "auto_unstuck_wallet_exposure_threshold": 0.02218104669451545,
           "backwards_tp": true,
           "ema_span_0": 229.15679878472082,
           "ema_span_1": 407.77368554197005,
           "enabled": true,
           "eprice_exp_base": 1.231768220685395,
           "eqty_exp_base": 1.8106482252924223,
           "grid_span": 0.4232084267027182,
           "initial_eprice_ema_dist": -0.05378185670289123,
           "initial_qty_pct": 0.01,
           "markup_range": 0.003,
           "max_n_entry_orders": 9,
           "min_markup": 0.002,
           "n_close_orders": 2,
           "wallet_exposure_limit": 0.5}}