{"config_name": "neat_grid_DOGEUSDT_825days",
 "logging_level": 0,
 "long": {"auto_unstuck_ema_dist": 0.07509630426787117,
          "auto_unstuck_wallet_exposure_threshold": 0.015420147265206376,
          "backwards_tp": true,
          "ema_span_0": 488.39668624827584,
          "ema_span_1": 408.254436099125,
          "enabled": true,
          "eprice_exp_base": 1.421458317361185,
          "eqty_exp_base": 1.4982066189968983,
          "grid_span": 0.34521823365497456,
          "initial_eprice_ema_dist": -0.060053863624323627,
          "initial_qty_pct": 0.01,
          "markup_range": 0.003,
          "max_n_entry_orders": 8,
          "min_markup": 0.002,
          "n_close_orders": 1,
          "wallet_exposure_limit": 0.5},
 "short": {"auto_unstuck_ema_dist": 0.09736350351006708,
           "auto_unstuck_wallet_exposure_threshold": 0.01,
           "backwards_tp": true,
           "ema_span_0": 134.98406351981183,
           "ema_span_1": 117.91671676192914,
           "enabled": true,
           "eprice_exp_base": 1.1275264972446146,
           "eqty_exp_base": 1.7470831422383097,
           "grid_span": 0.25151406809350596,
           "initial_eprice_ema_dist": -0.07075852466474089,
           "initial_qty_pct": 0.01,
           "markup_range": 0.003,
           "max_n_entry_orders": 13,
           "min_markup": 0.002,
           "n_close_orders": 1,
           "wallet_exposure_limit": 0.5}}