{"config_name": "neat_grid_XRPUSDT_1011days",
 "logging_level": 0,
 "long": {"auto_unstuck_ema_dist": 0.0367037644797187,
          "auto_unstuck_wallet_exposure_threshold": 0.1369180369594647,
          "backwards_tp": true,
          "ema_span_0": 1924.6355740111023,
          "ema_span_1": 2706.471880958066,
          "enabled": true,
          "eprice_exp_base": 1.1467531582306425,
          "eqty_exp_base": 1.698893071839353,
          "grid_span": 0.2766339511187239,
          "initial_eprice_ema_dist": -0.0403399368523641,
          "initial_qty_pct": 0.01,
          "markup_range": 0.003,
          "max_n_entry_orders": 7,
          "min_markup": 0.002,
          "n_close_orders": 1,
          "wallet_exposure_limit": 0.5},
 "short": {"auto_unstuck_ema_dist": 0.08997633144422973,
           "auto_unstuck_wallet_exposure_threshold": 0.10584473650490796,
           "backwards_tp": true,
           "ema_span_0": 4000,
           "ema_span_1": 4372.352202259549,
           "enabled": true,
           "eprice_exp_base": 1.010959547842246,
           "eqty_exp_base": 2.0386308686434442,
           "grid_span": 0.2661900367578082,
           "initial_eprice_ema_dist": -0.010590812847246568,
           "initial_qty_pct": 0.01,
           "markup_range": 0.003,
           "max_n_entry_orders": 15,
           "min_markup": 0.002,
           "n_close_orders": 1,
           "wallet_exposure_limit": 0.5}}