{"config_name": "neat_grid_DOGEUSDT_743days",
 "logging_level": 0,
 "long": {"auto_unstuck_ema_dist": 0.008857835234703012,
          "auto_unstuck_wallet_exposure_threshold": 0.08584157302058999,
          "backwards_tp": true,
          "ema_span_0": 818.031644833182,
          "ema_span_1": 929.4007284813003,
          "enabled": true,
          "eprice_exp_base": 1.0340482324853746,
          "eqty_exp_base": 1.9955809554375081,
          "grid_span": 0.10115128396974077,
          "initial_eprice_ema_dist": -0.08549084565588587,
          "initial_qty_pct": 0.01,
          "markup_range": 0.004570378815063845,
          "max_n_entry_orders": 7,
          "min_markup": 0.002,
          "n_close_orders": 2,
          "wallet_exposure_limit": 0.5},
 "short": {"auto_unstuck_ema_dist": 0.03492680386478398,
           "auto_unstuck_wallet_exposure_threshold": 0.013194094223426961,
           "backwards_tp": true,
           "ema_span_0": 3849.345999731777,
           "ema_span_1": 3081.3887034659124,
           "enabled": true,
           "eprice_exp_base": 0.9352297753012263,
           "eqty_exp_base": 1.6738596182653693,
           "grid_span": 0.2459780984464005,
           "initial_eprice_ema_dist": -0.06789682828686804,
           "initial_qty_pct": 0.01,
           "markup_range": 0.0028899152033807956,
           "max_n_entry_orders": 25,
           "min_markup": 0.002,
           "n_close_orders": 3,
           "wallet_exposure_limit": 0.5}}