{"config_name": "neat_grid_0days",
 "logging_level": 0,
 "long": {"auto_unstuck_ema_dist": 0.021712663548388602,
          "auto_unstuck_wallet_exposure_threshold": 0.050638436569641315,
          "backwards_tp": true,
          "ema_span_0": 1963.7079214441435,
          "ema_span_1": 3458.0943341885895,
          "enabled": true,
          "eprice_exp_base": 1.3258674352074142,
          "eqty_exp_base": 1.88639947741833,
          "grid_span": 0.2555221533488678,
          "initial_eprice_ema_dist": -0.022039648398430402,
          "initial_qty_pct": 0.01,
          "markup_range": 0.003,
          "max_n_entry_orders": 8,
          "min_markup": 0.002,
          "n_close_orders": 11,
          "wallet_exposure_limit": 0.1},
 "short": {"auto_unstuck_ema_dist": 0.08578213433868012,
           "auto_unstuck_wallet_exposure_threshold": 0.28400749124010316,
           "backwards_tp": false,
           "ema_span_0": 2766.6939289125667,
           "ema_span_1": 2509.8726119641096,
           "enabled": true,
           "eprice_exp_base": 1.7971288561720544,
           "eqty_exp_base": 1,
           "grid_span": 0.3,
           "initial_eprice_ema_dist": -0.039993881490016245,
           "initial_qty_pct": 0.01,
           "markup_range": 0.0029080942875682574,
           "max_n_entry_orders": 8,
           "min_markup": 0.002,
           "n_close_orders": 13,
           "wallet_exposure_limit": 0.1}}