{"config_name": "neat_grid_UNIUSDT_673days",
 "logging_level": 0,
 "long": {"auto_unstuck_ema_dist": 0.05090726324262262,
          "auto_unstuck_wallet_exposure_threshold": 0.05,
          "backwards_tp": true,
          "ema_span_0": 388.8315355793867,
          "ema_span_1": 678.900929500887,
          "enabled": true,
          "eprice_exp_base": 2.9063897773699696,
          "eqty_exp_base": 1.9728698854311184,
          "grid_span": 0.34212018884923173,
          "initial_eprice_ema_dist": -0.08709076794797552,
          "initial_qty_pct": 0.01,
          "markup_range": 0.001991777292126469,
          "max_n_entry_orders": 10,
          "min_markup": 0.003,
          "n_close_orders": 16,
          "wallet_exposure_limit": 0.5},
 "short": {"auto_unstuck_ema_dist": 0.0872168838939753,
           "auto_unstuck_wallet_exposure_threshold": 0.021284083720043052,
           "backwards_tp": true,
           "ema_span_0": 2510.0494287198044,
           "ema_span_1": 7218.616431324359,
           "enabled": true,
           "eprice_exp_base": 1.3878782065981932,
           "eqty_exp_base": 2.828484996370161,
           "grid_span": 0.49356602009365896,
           "initial_eprice_ema_dist": -0.002353868491393879,
           "initial_qty_pct": 0.01,
           "markup_range": 0.001982368179561939,
           "max_n_entry_orders": 20,
           "min_markup": 0.002858168069274408,
           "n_close_orders": 5,
           "wallet_exposure_limit": 0.5}}