{"config_name": "neat_grid_SOLUSDT_568days",
 "logging_level": 0,
 "long": {"auto_unstuck_ema_dist": 0.09786930243138658,
          "auto_unstuck_wallet_exposure_threshold": 0.008416773979800037,
          "backwards_tp": true,
          "ema_span_0": 10,
          "ema_span_1": 10,
          "enabled": true,
          "eprice_exp_base": 1.2466358690371504,
          "eqty_exp_base": 1.5,
          "grid_span": 0.330433755364933,
          "initial_eprice_ema_dist": -0.05059943077490851,
          "initial_qty_pct": 0.01,
          "markup_range": 0.002753180801770748,
          "max_n_entry_orders": 7,
          "min_markup": 0.002,
          "n_close_orders": 6,
          "wallet_exposure_limit": 0.6666666666666666},
 "short": {"auto_unstuck_ema_dist": 0.06574735999477606,
           "auto_unstuck_wallet_exposure_threshold": 0.021095337895172664,
           "backwards_tp": true,
           "ema_span_0": 862.3299642892786,
           "ema_span_1": 861.6695066261242,
           "enabled": true,
           "eprice_exp_base": 1.265276443148707,
           "eqty_exp_base": 1.7014059100728303,
           "grid_span": 0.3588115661312333,
           "initial_eprice_ema_dist": -0.09945313114951088,
           "initial_qty_pct": 0.01,
           "markup_range": 0.002991759539849386,
           "max_n_entry_orders": 12,
           "min_markup": 0.002,
           "n_close_orders": 7,
           "wallet_exposure_limit": 0.3333333333333333}}