{"config_name": "neat_grid_XRPUSDT_929days",
 "logging_level": 0,
 "long": {"auto_unstuck_ema_dist": 0.00961681194683343,
          "auto_unstuck_wallet_exposure_threshold": 0.5973683768613315,
          "backwards_tp": true,
          "ema_span_0": 1992.8537732038444,
          "ema_span_1": 1720.0671198363918,
          "enabled": true,
          "eprice_exp_base": 1.305795985746424,
          "eqty_exp_base": 1.6560919039767303,
          "grid_span": 0.2310469589096418,
          "initial_eprice_ema_dist": -0.09300297594558633,
          "initial_qty_pct": 0.01,
          "markup_range": 0.0018364227879374192,
          "max_n_entry_orders": 5,
          "min_markup": 0.003,
          "n_close_orders": 17,
          "wallet_exposure_limit": 0.5},
 "short": {"auto_unstuck_ema_dist": 0.045438484959110015,
           "auto_unstuck_wallet_exposure_threshold": 0.5507344929111084,
           "backwards_tp": true,
           "ema_span_0": 1431.4073187869221,
           "ema_span_1": 1365.207593198691,
           "enabled": true,
           "eprice_exp_base": 1.0744950907929525,
           "eqty_exp_base": 1.8784563619527714,
           "grid_span": 0.24668687725991814,
           "initial_eprice_ema_dist": -0.01633701473310539,
           "initial_qty_pct": 0.01,
           "markup_range": 0.0019675519356641006,
           "max_n_entry_orders": 20,
           "min_markup": 0.0029095906905782917,
           "n_close_orders": 5,
           "wallet_exposure_limit": 0.5}}