{"config_name": "neat_grid_SOLUSDT_759days",
 "logging_level": 0,
 "long": {"auto_unstuck_ema_dist": 0.09723114607597512,
          "auto_unstuck_wallet_exposure_threshold": 0.12732864331498134,
          "backwards_tp": true,
          "ema_span_0": 184.90995717006118,
          "ema_span_1": 134.00153159167735,
          "enabled": true,
          "eprice_exp_base": 1.0633992712255966,
          "eqty_exp_base": 1.0799176545490643,
          "grid_span": 0.25477541269764054,
          "initial_eprice_ema_dist": -0.0974222651410661,
          "initial_qty_pct": 0.01,
          "markup_range": 0.003,
          "max_n_entry_orders": 10,
          "min_markup": 0.002,
          "n_close_orders": 1,
          "wallet_exposure_limit": 0.5},
 "short": {"auto_unstuck_ema_dist": 0.04895129284286664,
           "auto_unstuck_wallet_exposure_threshold": 0.03093053440613941,
           "backwards_tp": true,
           "ema_span_0": 401.0263128414458,
           "ema_span_1": 395.6590345383257,
           "enabled": true,
           "eprice_exp_base": 1.1894791868230028,
           "eqty_exp_base": 2.0483594533443057,
           "grid_span": 0.3606390291183911,
           "initial_eprice_ema_dist": -0.0322922539106121,
           "initial_qty_pct": 0.01,
           "markup_range": 0.003,
           "max_n_entry_orders": 7,
           "min_markup": 0.002,
           "n_close_orders": 1,
           "wallet_exposure_limit": 0.5}}