{"config_name": "neat_grid_XRPUSDT_1011days",
 "logging_level": 0,
 "long": {"auto_unstuck_ema_dist": 0.0012400376210450503,
          "auto_unstuck_wallet_exposure_threshold": 0.509796236679116,
          "backwards_tp": true,
          "ema_span_0": 1238.4433644107205,
          "ema_span_1": 969.9261974161808,
          "enabled": true,
          "eprice_exp_base": 1.3007321502238,
          "eqty_exp_base": 1.4687038723174668,
          "grid_span": 0.1617122805081478,
          "initial_eprice_ema_dist": -0.0962672548826598,
          "initial_qty_pct": 0.01,
          "markup_range": 0.002,
          "max_n_entry_orders": 8,
          "min_markup": 0.0027974695811477063,
          "n_close_orders": 7,
          "wallet_exposure_limit": 0.5},
 "short": {"auto_unstuck_ema_dist": 0.05849038818187011,
           "auto_unstuck_wallet_exposure_threshold": 0.34911620232615836,
           "backwards_tp": true,
           "ema_span_0": 1011.9696435434274,
           "ema_span_1": 341.7438623019755,
           "enabled": true,
           "eprice_exp_base": 1.2615834438136768,
           "eqty_exp_base": 1.798580558379826,
           "grid_span": 0.28351912016821257,
           "initial_eprice_ema_dist": -0.05336171897044564,
           "initial_qty_pct": 0.01,
           "markup_range": 0.002,
           "max_n_entry_orders": 12,
           "min_markup": 0.0029631739759307485,
           "n_close_orders": 7,
           "wallet_exposure_limit": 0.5}}