{"config_name": "neat_grid_MATICUSDT_721days",
 "logging_level": 0,
 "long": {"auto_unstuck_ema_dist": 0.06489952328756204,
          "auto_unstuck_wallet_exposure_threshold": 0.27486913046400496,
          "backwards_tp": true,
          "ema_span_0": 1277.3845917807166,
          "ema_span_1": 1927.0657859947491,
          "enabled": true,
          "eprice_exp_base": 1.0984208753551772,
          "eqty_exp_base": 2.767113348527012,
          "grid_span": 0.2000810052566616,
          "initial_eprice_ema_dist": -0.04896368678928794,
          "initial_qty_pct": 0.01,
          "markup_range": 0.002,
          "max_n_entry_orders": 11,
          "min_markup": 0.0027248631799047453,
          "n_close_orders": 6,
          "wallet_exposure_limit": 0.5},
 "short": {"auto_unstuck_ema_dist": 0.016146884214898103,
           "auto_unstuck_wallet_exposure_threshold": 0.0783086445798789,
           "backwards_tp": true,
           "ema_span_0": 1352.0034154049613,
           "ema_span_1": 2985.6848151137415,
           "enabled": true,
           "eprice_exp_base": 2.0635202526962315,
           "eqty_exp_base": 2.144757461060422,
           "grid_span": 0.21953130218138053,
           "initial_eprice_ema_dist": 0,
           "initial_qty_pct": 0.01,
           "markup_range": 0.002,
           "max_n_entry_orders": 7,
           "min_markup": 0.002944002786515558,
           "n_close_orders": 8,
           "wallet_exposure_limit": 0.5}}