{"config_name": "neat_grid_0days",
 "logging_level": 0,
 "long": {"auto_unstuck_ema_dist": 0.0015756470426406544,
          "auto_unstuck_wallet_exposure_threshold": 0.5642973889858794,
          "backwards_tp": true,
          "ema_span_0": 205.4283129371371,
          "ema_span_1": 265.41702937030607,
          "enabled": true,
          "eprice_exp_base": 1.5612611653943138,
          "eqty_exp_base": 1.8187055066678983,
          "grid_span": 0.16737261166659578,
          "initial_eprice_ema_dist": -0.1,
          "initial_qty_pct": 0.01,
          "markup_range": 0.0019489249467872717,
          "max_n_entry_orders": 7,
          "min_markup": 0.003,
          "n_close_orders": 10,
          "wallet_exposure_limit": 0.1},
 "short": {"auto_unstuck_ema_dist": 0.04755012571687624,
           "auto_unstuck_wallet_exposure_threshold": 0.5462980808410047,
           "backwards_tp": true,
           "ema_span_0": 853.9362887878438,
           "ema_span_1": 3127.079397455536,
           "enabled": false,
           "eprice_exp_base": 1.438805955576966,
           "eqty_exp_base": 1.2599957688380983,
           "grid_span": 0.2660384462506635,
           "initial_eprice_ema_dist": -0.07505426705086679,
           "initial_qty_pct": 0.01,
           "markup_range": 0.0008242830435809447,
           "max_n_entry_orders": 10,
           "min_markup": 0.0023641183737603162,
           "n_close_orders": 17,
           "wallet_exposure_limit": 0.1}}