{"config_name": "neat_grid_BNBUSDT_976days",
 "logging_level": 0,
 "long": {"auto_unstuck_ema_dist": 0.03965105743795754,
          "auto_unstuck_wallet_exposure_threshold": 0.09266052129030229,
          "backwards_tp": true,
          "ema_span_0": 408.8470871264074,
          "ema_span_1": 363.2107012091226,
          "enabled": true,
          "eprice_exp_base": 1.355066340527219,
          "eqty_exp_base": 3.548612811367271,
          "grid_span": 0.10055818138552085,
          "initial_eprice_ema_dist": -0.009186846401978335,
          "initial_qty_pct": 0.01,
          "markup_range": 0.002143501041469732,
          "max_n_entry_orders": 6,
          "min_markup": 0.002,
          "n_close_orders": 3,
          "wallet_exposure_limit": 1.0},
 "short": {"auto_unstuck_ema_dist": 0,
           "auto_unstuck_wallet_exposure_threshold": 0.05929441357554298,
           "backwards_tp": true,
           "ema_span_0": 2086.423663113024,
           "ema_span_1": 5116.6254255959975,
           "enabled": false,
           "eprice_exp_base": 4.797893216288318,
           "eqty_exp_base": 4.797174629702008,
           "grid_span": 0.1,
           "initial_eprice_ema_dist": -0.05194011380953837,
           "initial_qty_pct": 0.01,
           "markup_range": 0.0035219944995990293,
           "max_n_entry_orders": 27,
           "min_markup": 0.002,
           "n_close_orders": 2,
           "wallet_exposure_limit": 0.1}}