{"config_name": "neat_grid_LTCUSDT_568days",
 "logging_level": 0,
 "long": {"auto_unstuck_ema_dist": 0.08458305732094311,
          "auto_unstuck_wallet_exposure_threshold": 0.027831768073449167,
          "backwards_tp": true,
          "ema_span_0": 1119.2090894602477,
          "ema_span_1": 1080.3070177280879,
          "enabled": true,
          "eprice_exp_base": 1.3747731525996594,
          "eqty_exp_base": 2.595042975780853,
          "grid_span": 0.24119077988668888,
          "initial_eprice_ema_dist": -0.05470454833960141,
          "initial_qty_pct": 0.01,
          "markup_range": 0.0013957170438666684,
          "max_n_entry_orders": 7,
          "min_markup": 0.002,
          "n_close_orders": 2,
          "wallet_exposure_limit": 0.5},
 "short": {"auto_unstuck_ema_dist": 0.09602283226623706,
           "auto_unstuck_wallet_exposure_threshold": 0.06954949303088732,
           "backwards_tp": true,
           "ema_span_0": 322.8666079405172,
           "ema_span_1": 318.89816619186314,
           "enabled": true,
           "eprice_exp_base": 1.134853311637618,
           "eqty_exp_base": 2.315030882642454,
           "grid_span": 0.35086009959690817,
           "initial_eprice_ema_dist": -0.010898263991728451,
           "initial_qty_pct": 0.01,
           "markup_range": 0.003,
           "max_n_entry_orders": 9,
           "min_markup": 0.002,
           "n_close_orders": 2,
           "wallet_exposure_limit": 0.5}}