{"config_name": "neat_grid_DOGEUSDT_743days",
 "logging_level": 0,
 "long": {"auto_unstuck_ema_dist": 0.006447943024512966,
          "auto_unstuck_wallet_exposure_threshold": 0.06406847582059556,
          "backwards_tp": true,
          "ema_span_0": 1137.3513026253866,
          "ema_span_1": 1576.0670449207653,
          "enabled": true,
          "eprice_exp_base": 0.8909504756820719,
          "eqty_exp_base": 2.7333133095611384,
          "grid_span": 0.13627861874653882,
          "initial_eprice_ema_dist": -0.06490569939585109,
          "initial_qty_pct": 0.01,
          "markup_range": 0.003452101642689964,
          "max_n_entry_orders": 16,
          "min_markup": 0.002,
          "n_close_orders": 3,
          "wallet_exposure_limit": 1.0},
 "short": {"auto_unstuck_ema_dist": 0.01836370320627092,
           "auto_unstuck_wallet_exposure_threshold": 0.10463158887182217,
           "backwards_tp": true,
           "ema_span_0": 3840.647764326574,
           "ema_span_1": 4512.257399819219,
           "enabled": false,
           "eprice_exp_base": 4.113354239789774,
           "eqty_exp_base": 4.32042791224373,
           "grid_span": 0.44789797396043657,
           "initial_eprice_ema_dist": -0.0317544901338032,
           "initial_qty_pct": 0.01,
           "markup_range": 0.0034249158649848595,
           "max_n_entry_orders": 10,
           "min_markup": 0.002,
           "n_close_orders": 3,
           "wallet_exposure_limit": 0.1}}