{"config_name": "neat_grid_ADAUSDT_568days",
 "logging_level": 0,
 "long": {"auto_unstuck_ema_dist": 0.0003725525940550681,
          "auto_unstuck_wallet_exposure_threshold": 0.1,
          "backwards_tp": true,
          "ema_span_0": 125.90713339038703,
          "ema_span_1": 10,
          "enabled": true,
          "eprice_exp_base": 1.2390486872745252,
          "eqty_exp_base": 1.5026614179275326,
          "grid_span": 0.25040054767871084,
          "initial_eprice_ema_dist": -0.1,
          "initial_qty_pct": 0.01,
          "markup_range": 0.003,
          "max_n_entry_orders": 12,
          "min_markup": 0.002,
          "n_close_orders": 13,
          "wallet_exposure_limit": 0.5},
 "short": {"auto_unstuck_ema_dist": 0.08779336446442204,
           "auto_unstuck_wallet_exposure_threshold": 0.04873751421614885,
           "backwards_tp": true,
           "ema_span_0": 1544.3115912698295,
           "ema_span_1": 1780.023409893396,
           "enabled": true,
           "eprice_exp_base": 1.2897068887197425,
           "eqty_exp_base": 2.1958368364561474,
           "grid_span": 0.35386603529431415,
           "initial_eprice_ema_dist": -0.017748779929705416,
           "initial_qty_pct": 0.01,
           "markup_range": 0.0029840827919693862,
           "max_n_entry_orders": 8,
           "min_markup": 0.002,
           "n_close_orders": 5,
           "wallet_exposure_limit": 0.5}}