{"config_name": "neat_grid_DOGEUSDT_825days",
 "logging_level": 0,
 "long": {"auto_unstuck_ema_dist": 0.09942972161079278,
          "auto_unstuck_wallet_exposure_threshold": 0.2946482970985918,
          "backwards_tp": true,
          "ema_span_0": 13.705370100107483,
          "ema_span_1": 1345.1842299809393,
          "enabled": true,
          "eprice_exp_base": 2.9696316920057657,
          "eqty_exp_base": 1.8303876069896854,
          "grid_span": 0.30046080024406685,
          "initial_eprice_ema_dist": -0.0952225015386519,
          "initial_qty_pct": 0.01,
          "markup_range": 0.003,
          "max_n_entry_orders": 12,
          "min_markup": 0.002,
          "n_close_orders": 1,
          "wallet_exposure_limit": 0.5},
 "short": {"auto_unstuck_ema_dist": 0.07986775311806701,
           "auto_unstuck_wallet_exposure_threshold": 0.01,
           "backwards_tp": true,
           "ema_span_0": 376.6152947316139,
           "ema_span_1": 5308.94610204692,
           "enabled": true,
           "eprice_exp_base": 1.1908327932553953,
           "eqty_exp_base": 2.9447672434167216,
           "grid_span": 0.27403805816123117,
           "initial_eprice_ema_dist": -0.09290577600432856,
           "initial_qty_pct": 0.01,
           "markup_range": 0.003,
           "max_n_entry_orders": 19,
           "min_markup": 0.002,
           "n_close_orders": 1,
           "wallet_exposure_limit": 0.5}}