{"config_name": "neat_grid_XRPUSDT_929days",
 "logging_level": 0,
 "long": {"auto_unstuck_ema_dist": 0.08297185269737876,
          "auto_unstuck_wallet_exposure_threshold": 0.09191957331007954,
          "backwards_tp": true,
          "ema_span_0": 10,
          "ema_span_1": 193.7266233444598,
          "enabled": true,
          "eprice_exp_base": 1.2434789025134283,
          "eqty_exp_base": 1.5,
          "grid_span": 0.32540482103958923,
          "initial_eprice_ema_dist": -0.1,
          "initial_qty_pct": 0.01,
          "markup_range": 0.003,
          "max_n_entry_orders": 8,
          "min_markup": 0.002,
          "n_close_orders": 6,
          "wallet_exposure_limit": 0.5},
 "short": {"auto_unstuck_ema_dist": 0.07265329483141932,
           "auto_unstuck_wallet_exposure_threshold": 0.008376579544090334,
           "backwards_tp": true,
           "ema_span_0": 1622.4772354767524,
           "ema_span_1": 2021.3392588576094,
           "enabled": true,
           "eprice_exp_base": 1.1717996073423498,
           "eqty_exp_base": 1.8217649735200327,
           "grid_span": 0.3826572901096877,
           "initial_eprice_ema_dist": -0.07007396702908451,
           "initial_qty_pct": 0.01,
           "markup_range": 0.003,
           "max_n_entry_orders": 7,
           "min_markup": 0.002,
           "n_close_orders": 9,
           "wallet_exposure_limit": 0.5}}