{"config_name": "neat_grid_MATICUSDT_721days",
 "logging_level": 0,
 "long": {"auto_unstuck_ema_dist": 0.07650226990529452,
          "auto_unstuck_wallet_exposure_threshold": 0.008716622827610147,
          "backwards_tp": true,
          "ema_span_0": 10,
          "ema_span_1": 10,
          "enabled": true,
          "eprice_exp_base": 1.133410355190005,
          "eqty_exp_base": 1.25,
          "grid_span": 0.22525398057476814,
          "initial_eprice_ema_dist": -0.07190264622971522,
          "initial_qty_pct": 0.01,
          "markup_range": 0.0028525172204616036,
          "max_n_entry_orders": 7,
          "min_markup": 0.002,
          "n_close_orders": 2,
          "wallet_exposure_limit": 0.5},
 "short": {"auto_unstuck_ema_dist": 0.1,
           "auto_unstuck_wallet_exposure_threshold": 0.001,
           "backwards_tp": true,
           "ema_span_0": 282.77538276594066,
           "ema_span_1": 471.8627872017768,
           "enabled": true,
           "eprice_exp_base": 1.6949852438641888,
           "eqty_exp_base": 2.905349959670671,
           "grid_span": 0.33085558920636676,
           "initial_eprice_ema_dist": -0.0666219669772776,
           "initial_qty_pct": 0.01,
           "markup_range": 0.003,
           "max_n_entry_orders": 20,
           "min_markup": 0.002,
           "n_close_orders": 2,
           "wallet_exposure_limit": 0.5}}