{"config_name": "neat_grid_DOGEUSDT_825days",
 "logging_level": 0,
 "long": {"auto_unstuck_ema_dist": 0.09324989516702166,
          "auto_unstuck_wallet_exposure_threshold": 0.028319871554358243,
          "backwards_tp": true,
          "ema_span_0": 24.94646039145636,
          "ema_span_1": 165.34267995645237,
          "enabled": true,
          "eprice_exp_base": 1.3097212368615718,
          "eqty_exp_base": 2.3785465532614545,
          "grid_span": 0.3799217236349445,
          "initial_eprice_ema_dist": -0.09958033394392475,
          "initial_qty_pct": 0.01,
          "markup_range": 0.002,
          "max_n_entry_orders": 7,
          "min_markup": 0.002991661762497439,
          "n_close_orders": 15,
          "wallet_exposure_limit": 0.5},
 "short": {"auto_unstuck_ema_dist": 0.004957353828376603,
           "auto_unstuck_wallet_exposure_threshold": 0.39006151144594214,
           "backwards_tp": true,
           "ema_span_0": 1820.3813150350663,
           "ema_span_1": 7032.31349910288,
           "enabled": true,
           "eprice_exp_base": 1.0337025281754144,
           "eqty_exp_base": 2.350609396452434,
           "grid_span": 0.2425163512288657,
           "initial_eprice_ema_dist": -0.042103358124255176,
           "initial_qty_pct": 0.01,
           "markup_range": 0.0016056795659738841,
           "max_n_entry_orders": 6,
           "min_markup": 0.0028088585683160743,
           "n_close_orders": 9,
           "wallet_exposure_limit": 0.5}}