{"config_name": "neat_grid_UNIUSDT_568days",
 "logging_level": 0,
 "long": {"auto_unstuck_ema_dist": 0,
          "auto_unstuck_wallet_exposure_threshold": 0.6,
          "backwards_tp": true,
          "ema_span_0": 911.3563817463121,
          "ema_span_1": 1259.0023099522582,
          "enabled": true,
          "eprice_exp_base": 1.808418831779683,
          "eqty_exp_base": 1.28020162542557,
          "grid_span": 0.35282805369755976,
          "initial_eprice_ema_dist": -0.09928922041532323,
          "initial_qty_pct": 0.01,
          "markup_range": 0.002,
          "max_n_entry_orders": 6,
          "min_markup": 0.004925312437104467,
          "n_close_orders": 11,
          "wallet_exposure_limit": 0.5},
 "short": {"auto_unstuck_ema_dist": 0.02045441860813943,
           "auto_unstuck_wallet_exposure_threshold": 0.029488827501011717,
           "backwards_tp": true,
           "ema_span_0": 2954.3218612041705,
           "ema_span_1": 123.13187336731016,
           "enabled": true,
           "eprice_exp_base": 1.9300331480548352,
           "eqty_exp_base": 2.5643683346673884,
           "grid_span": 0.47055129623610653,
           "initial_eprice_ema_dist": -0.02006961769598071,
           "initial_qty_pct": 0.01,
           "markup_range": 0.001863842841263023,
           "max_n_entry_orders": 10,
           "min_markup": 0.005,
           "n_close_orders": 8,
           "wallet_exposure_limit": 0.5}}