{"config_name": "neat_grid_SOLUSDT_568days",
 "logging_level": 0,
 "long": {"auto_unstuck_ema_dist": 0.001160148401754517,
          "auto_unstuck_wallet_exposure_threshold": 0.5985933516921706,
          "backwards_tp": true,
          "ema_span_0": 327.80283979719707,
          "ema_span_1": 280.2213240024008,
          "enabled": true,
          "eprice_exp_base": 1.0834827582492608,
          "eqty_exp_base": 1,
          "grid_span": 0.30426232824409577,
          "initial_eprice_ema_dist": -0.06375032062705219,
          "initial_qty_pct": 0.01,
          "markup_range": 0.001896104067371974,
          "max_n_entry_orders": 8,
          "min_markup": 0.0029239876402413377,
          "n_close_orders": 10,
          "wallet_exposure_limit": 0.5},
 "short": {"auto_unstuck_ema_dist": 0.08667837891032797,
           "auto_unstuck_wallet_exposure_threshold": 0.007544538714817471,
           "backwards_tp": true,
           "ema_span_0": 3696.7255464399796,
           "ema_span_1": 2416.6294795891563,
           "enabled": true,
           "eprice_exp_base": 1.9872535581110136,
           "eqty_exp_base": 2.890692370077927,
           "grid_span": 0.5724102027398643,
           "initial_eprice_ema_dist": -0.04541837314792236,
           "initial_qty_pct": 0.01,
           "markup_range": 0.002,
           "max_n_entry_orders": 9,
           "min_markup": 0.002937424196489691,
           "n_close_orders": 9,
           "wallet_exposure_limit": 0.5}}