{"config_name": "static_grid_TRXUSDT_1002days",
 "logging_level": 0,
 "long": {"auto_unstuck_ema_dist": 0,
          "auto_unstuck_wallet_exposure_threshold": 0,
          "backwards_tp": false,
          "ema_span_0": 2711.9125432088636,
          "ema_span_1": 3275.9555591909675,
          "enabled": true,
          "eprice_exp_base": 1.0921224315500395,
          "eprice_pprice_diff": 0.0179573436508329,
          "grid_span": 0.47572808749334095,
          "initial_eprice_ema_dist": -0.00681030376632584,
          "initial_qty_pct": 0.016877534968530956,
          "markup_range": 0.02169971719639783,
          "max_n_entry_orders": 12,
          "min_markup": 0.02945946947634358,
          "n_close_orders": 7,
          "secondary_allocation": 0,
          "secondary_pprice_diff": 0.05,
          "wallet_exposure_limit": 1.0},
 "short": {"auto_unstuck_ema_dist": 0.0024166732765336894,
           "auto_unstuck_wallet_exposure_threshold": 0.19485813575438363,
           "backwards_tp": false,
           "ema_span_0": 5782.050959052051,
           "ema_span_1": 5790.833763793811,
           "enabled": false,
           "eprice_exp_base": 1.1527419274718496,
           "eprice_pprice_diff": 0.015559443423730016,
           "grid_span": 0.2759273454951614,
           "initial_eprice_ema_dist": 0.05,
           "initial_qty_pct": 0.02976268131987407,
           "markup_range": 0.01124125057264504,
           "max_n_entry_orders": 11,
           "min_markup": 0.027299192573899622,
           "n_close_orders": 5,
           "secondary_allocation": 0,
           "secondary_pprice_diff": 0.05,
           "wallet_exposure_limit": 0.05}}