{"config_name": "neat_grid_MATICUSDT_721days",
 "logging_level": 0,
 "long": {"auto_unstuck_ema_dist": 0.038835869679417954,
          "auto_unstuck_wallet_exposure_threshold": 0.038210245333692536,
          "backwards_tp": true,
          "ema_span_0": 834.1745573067683,
          "ema_span_1": 1977.927005933955,
          "enabled": true,
          "eprice_exp_base": 0.9323600849308367,
          "eqty_exp_base": 1.0167874583587577,
          "grid_span": 0.25,
          "initial_eprice_ema_dist": -0.08804635090963753,
          "initial_qty_pct": 0.010446960695540896,
          "markup_range": 0.0024701724590387645,
          "max_n_entry_orders": 23,
          "min_markup": 0.002,
          "n_close_orders": 2,
          "wallet_exposure_limit": 0.5},
 "short": {"auto_unstuck_ema_dist": 0.02229973146588634,
           "auto_unstuck_wallet_exposure_threshold": 0.09652373218980406,
           "backwards_tp": true,
           "ema_span_0": 987.4557312509838,
           "ema_span_1": 5027.547973705296,
           "enabled": true,
           "eprice_exp_base": 0.9,
           "eqty_exp_base": 1.0476873164776022,
           "grid_span": 0.3644741421968385,
           "initial_eprice_ema_dist": -0.03206353479865845,
           "initial_qty_pct": 0.01,
           "markup_range": 0.003238828229941572,
           "max_n_entry_orders": 30,
           "min_markup": 0.002,
           "n_close_orders": 3,
           "wallet_exposure_limit": 0.5}}