{"config_name": "recursive_grid_932days",
 "logging_level": 0,
 "long": {"auto_unstuck_ema_dist": 0.06053504096937394,
          "auto_unstuck_wallet_exposure_threshold": 0.3447262999949752,
          "backwards_tp": true,
          "ddown_factor": 0.929844742113433,
          "ema_span_0": 3722.694371650746,
          "ema_span_1": 10044.862587737096,
          "enabled": true,
          "initial_eprice_ema_dist": -0.0021351311637817574,
          "initial_qty_pct": 0.020960532183106863,
          "markup_range": 0.005572840529292649,
          "min_markup": 0.005902539028656395,
          "n_close_orders": 17,
          "rentry_pprice_dist": 0.04864805556402094,
          "rentry_pprice_dist_wallet_exposure_weighting": 7.038693129670346,
          "wallet_exposure_limit": 0.1},
 "short": {"auto_unstuck_ema_dist": 0.030984004649300265,
           "auto_unstuck_wallet_exposure_threshold": 0.6838569780733003,
           "backwards_tp": true,
           "ddown_factor": 2.984520797587037,
           "ema_span_0": 3583.1551473813206,
           "ema_span_1": 1707.954882981719,
           "enabled": false,
           "initial_eprice_ema_dist": -0.03652863353068367,
           "initial_qty_pct": 0.02440936213515358,
           "markup_range": 0.00984096429530045,
           "min_markup": 0.009523531830257842,
           "n_close_orders": 11,
           "rentry_pprice_dist": 0.03886383997036633,
           "rentry_pprice_dist_wallet_exposure_weighting": 9.492409014626128,
           "wallet_exposure_limit": 0.1}}
