{"config_name": "neat_grid_TRXUSDT_920days",
 "logging_level": 0,
 "long": {"auto_unstuck_ema_dist": 0.08043371700509291,
          "auto_unstuck_wallet_exposure_threshold": 0.1911871331842945,
          "backwards_tp": true,
          "ema_span_0": 139.40651834753794,
          "ema_span_1": 388.3546257120886,
          "enabled": true,
          "eprice_exp_base": 1.8687053575637815,
          "eqty_exp_base": 1.937319959854661,
          "grid_span": 0.32738051545560315,
          "initial_eprice_ema_dist": -0.06344988724979568,
          "initial_qty_pct": 0.01,
          "markup_range": 0.003,
          "max_n_entry_orders": 7,
          "min_markup": 0.002,
          "n_close_orders": 1,
          "wallet_exposure_limit": 0.5},
 "short": {"auto_unstuck_ema_dist": 0.041947653021680804,
           "auto_unstuck_wallet_exposure_threshold": 0.263497139888999,
           "backwards_tp": true,
           "ema_span_0": 3658.103693805559,
           "ema_span_1": 3404.379451426914,
           "enabled": true,
           "eprice_exp_base": 1.096957229008501,
           "eqty_exp_base": 1.596424618915279,
           "grid_span": 0.3371623075457695,
           "initial_eprice_ema_dist": -0.02886523491655685,
           "initial_qty_pct": 0.01,
           "markup_range": 0.003,
           "max_n_entry_orders": 17,
           "min_markup": 0.002,
           "n_close_orders": 1,
           "wallet_exposure_limit": 0.5}}