{"config_name": "neat_grid_BNBUSDT_894days",
 "logging_level": 0,
 "long": {"auto_unstuck_ema_dist": 0.029065614824807837,
          "auto_unstuck_wallet_exposure_threshold": 0.01925867404460455,
          "backwards_tp": true,
          "ema_span_0": 1547.09197555671,
          "ema_span_1": 122.08002297688527,
          "enabled": true,
          "eprice_exp_base": 1.1552271204289493,
          "eqty_exp_base": 1.6263897155272165,
          "grid_span": 0.25287081375528747,
          "initial_eprice_ema_dist": -0.04663897481952965,
          "initial_qty_pct": 0.01,
          "markup_range": 0.0027794064850882364,
          "max_n_entry_orders": 17,
          "min_markup": 0.002,
          "n_close_orders": 4,
          "wallet_exposure_limit": 0.5},
 "short": {"auto_unstuck_ema_dist": 0.1,
           "auto_unstuck_wallet_exposure_threshold": 0.0028982715829551095,
           "backwards_tp": true,
           "ema_span_0": 188.772353353568,
           "ema_span_1": 10,
           "enabled": true,
           "eprice_exp_base": 1.2673588213338303,
           "eqty_exp_base": 1.7482563677006153,
           "grid_span": 0.35801334145486213,
           "initial_eprice_ema_dist": -0.06175822024188093,
           "initial_qty_pct": 0.01,
           "markup_range": 0.003,
           "max_n_entry_orders": 14,
           "min_markup": 0.002,
           "n_close_orders": 4,
           "wallet_exposure_limit": 0.5}}