{"config_name": "neat_grid_TRXUSDT_1002days",
 "logging_level": 0,
 "long": {"auto_unstuck_ema_dist": 0.00039194085226098316,
          "auto_unstuck_wallet_exposure_threshold": 0.5177632662372099,
          "backwards_tp": true,
          "ema_span_0": 745.7351696205233,
          "ema_span_1": 170.07810626747028,
          "enabled": true,
          "eprice_exp_base": 1.014694784096783,
          "eqty_exp_base": 1.5656703276122599,
          "grid_span": 0.09615148506565413,
          "initial_eprice_ema_dist": -0.0700244222976705,
          "initial_qty_pct": 0.01,
          "markup_range": 0.001819504267118668,
          "max_n_entry_orders": 11,
          "min_markup": 0.0028984854407671503,
          "n_close_orders": 15,
          "wallet_exposure_limit": 0.5},
 "short": {"auto_unstuck_ema_dist": 0.023247568068815807,
           "auto_unstuck_wallet_exposure_threshold": 0.05001996128324475,
           "backwards_tp": true,
           "ema_span_0": 388.8481337994242,
           "ema_span_1": 3185.646804881492,
           "enabled": true,
           "eprice_exp_base": 1.3265585094872911,
           "eqty_exp_base": 2.4608540706587796,
           "grid_span": 0.22410659346586323,
           "initial_eprice_ema_dist": -0.009152631775202764,
           "initial_qty_pct": 0.01,
           "markup_range": 0.0012989974185552591,
           "max_n_entry_orders": 7,
           "min_markup": 0.002856042267755472,
           "n_close_orders": 17,
           "wallet_exposure_limit": 0.5}}