{"config_name": "neat_grid_TRXUSDT_568days",
 "logging_level": 0,
 "long": {"auto_unstuck_ema_dist": 0.0717202767505029,
          "auto_unstuck_wallet_exposure_threshold": 0.03302097861202125,
          "backwards_tp": true,
          "ema_span_0": 1959.9863317594,
          "ema_span_1": 1954.7493854963527,
          "enabled": true,
          "eprice_exp_base": 1.1546947833327914,
          "eqty_exp_base": 1.655904122490297,
          "grid_span": 0.27166871769351036,
          "initial_eprice_ema_dist": -0.0469830011269251,
          "initial_qty_pct": 0.01,
          "markup_range": 0.0028224618453072114,
          "max_n_entry_orders": 13,
          "min_markup": 0.002,
          "n_close_orders": 2,
          "wallet_exposure_limit": 0.5},
 "short": {"auto_unstuck_ema_dist": 0.08139989611216544,
           "auto_unstuck_wallet_exposure_threshold": 0.03688653054170555,
           "backwards_tp": true,
           "ema_span_0": 1114.125572699845,
           "ema_span_1": 1491.507575704638,
           "enabled": true,
           "eprice_exp_base": 1.11120504638088,
           "eqty_exp_base": 1.6624770818382164,
           "grid_span": 0.3241516020469511,
           "initial_eprice_ema_dist": -0.011667827649047918,
           "initial_qty_pct": 0.01,
           "markup_range": 0.003,
           "max_n_entry_orders": 10,
           "min_markup": 0.002,
           "n_close_orders": 2,
           "wallet_exposure_limit": 0.5}}