{"config_name": "neat_grid_DOGEUSDT_825days",
 "logging_level": 0,
 "long": {"auto_unstuck_ema_dist": 0.015590257240509631,
          "auto_unstuck_wallet_exposure_threshold": 0.2723536996517923,
          "backwards_tp": true,
          "ema_span_0": 498.7393934004473,
          "ema_span_1": 1574.109673740974,
          "enabled": true,
          "eprice_exp_base": 1.2870588484269363,
          "eqty_exp_base": 1.1646080713323865,
          "grid_span": 0.25335207741963667,
          "initial_eprice_ema_dist": -0.040043136722635014,
          "initial_qty_pct": 0.01,
          "markup_range": 0.002,
          "max_n_entry_orders": 8,
          "min_markup": 0.002983651984243548,
          "n_close_orders": 8,
          "wallet_exposure_limit": 0.5},
 "short": {"auto_unstuck_ema_dist": 0.08879879757203125,
           "auto_unstuck_wallet_exposure_threshold": 0,
           "backwards_tp": true,
           "ema_span_0": 169.76296719828585,
           "ema_span_1": 245.04747609420093,
           "enabled": true,
           "eprice_exp_base": 1.0301907488536408,
           "eqty_exp_base": 1.791033913123579,
           "grid_span": 0.15,
           "initial_eprice_ema_dist": -0.08801530852245852,
           "initial_qty_pct": 0.01,
           "markup_range": 0.002,
           "max_n_entry_orders": 9,
           "min_markup": 0.002276234914448444,
           "n_close_orders": 6,
           "wallet_exposure_limit": 0.5}}