{"config_name": "neat_grid_MATICUSDT_639days",
 "logging_level": 0,
 "long": {"auto_unstuck_ema_dist": 0.04646473565698605,
          "auto_unstuck_wallet_exposure_threshold": 0.21751077861040302,
          "backwards_tp": true,
          "ema_span_0": 537.5139915652336,
          "ema_span_1": 3470.085326516523,
          "enabled": true,
          "eprice_exp_base": 1.3166805391225567,
          "eqty_exp_base": 1.6173926610607197,
          "grid_span": 0.25,
          "initial_eprice_ema_dist": -0.04112565250898728,
          "initial_qty_pct": 0.01,
          "markup_range": 0.003,
          "max_n_entry_orders": 11,
          "min_markup": 0.002,
          "n_close_orders": 1,
          "wallet_exposure_limit": 0.5},
 "short": {"auto_unstuck_ema_dist": 0.08942902614219504,
           "auto_unstuck_wallet_exposure_threshold": 0.021171586985951445,
           "backwards_tp": true,
           "ema_span_0": 10,
           "ema_span_1": 16.89243121413358,
           "enabled": true,
           "eprice_exp_base": 1.1776059312884635,
           "eqty_exp_base": 2.6975426710745127,
           "grid_span": 0.34277451543478193,
           "initial_eprice_ema_dist": -0.08166182171791747,
           "initial_qty_pct": 0.01,
           "markup_range": 0.003,
           "max_n_entry_orders": 9,
           "min_markup": 0.002,
           "n_close_orders": 1,
           "wallet_exposure_limit": 0.5}}