{"config_name": "neat_grid_AVAXUSDT_750days",
 "logging_level": 0,
 "long": {"auto_unstuck_ema_dist": 0.05380297651083726,
          "auto_unstuck_wallet_exposure_threshold": 0.018436840496285134,
          "backwards_tp": true,
          "ema_span_0": 849.5099162295029,
          "ema_span_1": 626.6865652881124,
          "enabled": true,
          "eprice_exp_base": 1.2218276781799626,
          "eqty_exp_base": 2.1023935218323366,
          "grid_span": 0.15158422782713013,
          "initial_eprice_ema_dist": -0.027536146749716793,
          "initial_qty_pct": 0.01,
          "markup_range": 0.002,
          "max_n_entry_orders": 8,
          "min_markup": 0.002914289046657979,
          "n_close_orders": 18,
          "wallet_exposure_limit": 0.5},
 "short": {"auto_unstuck_ema_dist": 0.0676499617865019,
           "auto_unstuck_wallet_exposure_threshold": 0.30141379042331834,
           "backwards_tp": true,
           "ema_span_0": 10,
           "ema_span_1": 10,
           "enabled": true,
           "eprice_exp_base": 1.5663167132056737,
           "eqty_exp_base": 1.930845923380563,
           "grid_span": 0.2921265553009743,
           "initial_eprice_ema_dist": -0.09615797277047959,
           "initial_qty_pct": 0.01,
           "markup_range": 0.0019860657191293502,
           "max_n_entry_orders": 7,
           "min_markup": 0.002740819793343598,
           "n_close_orders": 11,
           "wallet_exposure_limit": 0.5}}