{"config_name": "neat_grid_DOTUSDT_700days",
 "logging_level": 0,
 "long": {"auto_unstuck_ema_dist": 0.01039111375383053,
          "auto_unstuck_wallet_exposure_threshold": 0.21334791591316915,
          "backwards_tp": true,
          "ema_span_0": 226.73254702689638,
          "ema_span_1": 155.29998984996854,
          "enabled": true,
          "eprice_exp_base": 1,
          "eqty_exp_base": 1.8928762689664675,
          "grid_span": 0.2518098683368911,
          "initial_eprice_ema_dist": -0.028354233232167247,
          "initial_qty_pct": 0.01,
          "markup_range": 0.003,
          "max_n_entry_orders": 7,
          "min_markup": 0.002,
          "n_close_orders": 4,
          "wallet_exposure_limit": 0.5},
 "short": {"auto_unstuck_ema_dist": 0.004359699498100334,
           "auto_unstuck_wallet_exposure_threshold": 0.258366650176862,
           "backwards_tp": true,
           "ema_span_0": 2051.7403464745466,
           "ema_span_1": 2302.444631812504,
           "enabled": true,
           "eprice_exp_base": 1.1118495787027018,
           "eqty_exp_base": 2.5638557842944154,
           "grid_span": 0.3595280367291058,
           "initial_eprice_ema_dist": -0.009812530094227145,
           "initial_qty_pct": 0.01,
           "markup_range": 0.002923730124913,
           "max_n_entry_orders": 7,
           "min_markup": 0.002,
           "n_close_orders": 2,
           "wallet_exposure_limit": 0.5}}